2025.08.18 15:51:17.817 Node log from the data server with id 'zi_server':
2025.08.18 15:51:17.817   get /dev12296/raw/system/awg/runtimechecks/enable -
2025.08.18 15:51:17.817   get /dev12296/raw/system/awg/runtimechecks/enable -
2025.08.18 15:51:17.817   get /dev12296/system/clocks/referenceclock/in/freq -
2025.08.18 15:51:17.817   get /dev12296/system/clocks/referenceclock/in/sourceactual -
2025.08.18 15:51:17.817   get /dev12296/system/clocks/referenceclock/in/source -
2025.08.18 15:51:17.817   get /dev12296/system/clocks/referenceclock/in/status -
2025.08.18 15:51:17.817   get /dev12296/system/clocks/referenceclock/in/freq -
2025.08.18 15:51:17.817   get /dev12296/system/clocks/referenceclock/in/sourceactual -
2025.08.18 15:51:17.817   get /dev12296/system/clocks/referenceclock/in/source -
2025.08.18 15:51:17.817   get /dev12296/system/clocks/referenceclock/in/status -
2025.08.18 16:07:09.473 Node log from the data server with id 'zi_server':
2025.08.18 16:07:09.473   get /dev12296/raw/system/awg/runtimechecks/enable -
2025.08.18 16:07:09.473   get /dev12296/raw/system/awg/runtimechecks/enable -
2025.08.18 16:07:09.473   get /dev12296/system/clocks/referenceclock/in/freq -
2025.08.18 16:07:09.473   get /dev12296/system/clocks/referenceclock/in/sourceactual -
2025.08.18 16:07:09.473   get /dev12296/system/clocks/referenceclock/in/source -
2025.08.18 16:07:09.473   get /dev12296/system/clocks/referenceclock/in/status -
2025.08.18 16:07:09.473   get /dev12296/system/clocks/referenceclock/in/freq -
2025.08.18 16:07:09.473   get /dev12296/system/clocks/referenceclock/in/sourceactual -
2025.08.18 16:07:09.473   get /dev12296/system/clocks/referenceclock/in/source -
2025.08.18 16:07:09.473   get /dev12296/system/clocks/referenceclock/in/status -
2025.08.18 17:48:07.304 Node log from the data server with id 'zi_server':
2025.08.18 17:48:07.304   get /dev12296/raw/system/awg/runtimechecks/enable -
2025.08.18 17:48:07.305   get /dev12296/raw/system/awg/runtimechecks/enable -
2025.08.18 17:48:07.305   get /dev12296/system/clocks/referenceclock/in/freq -
2025.08.18 17:48:07.305   get /dev12296/system/clocks/referenceclock/in/sourceactual -
2025.08.18 17:48:07.305   get /dev12296/system/clocks/referenceclock/in/source -
2025.08.18 17:48:07.305   get /dev12296/system/clocks/referenceclock/in/status -
2025.08.18 17:48:07.305   get /dev12296/system/clocks/referenceclock/in/freq -
2025.08.18 17:48:07.305   get /dev12296/system/clocks/referenceclock/in/sourceactual -
2025.08.18 17:48:07.305   get /dev12296/system/clocks/referenceclock/in/source -
2025.08.18 17:48:07.305   get /dev12296/system/clocks/referenceclock/in/status -
2025.08.18 17:48:35.408 Node log from the data server with id 'zi_server':
2025.08.18 17:48:35.409   get /dev12296/raw/system/awg/runtimechecks/enable -
2025.08.18 17:48:35.409   get /dev12296/raw/system/awg/runtimechecks/enable -
2025.08.18 17:48:35.409   get /dev12296/system/clocks/referenceclock/in/freq -
2025.08.18 17:48:35.409   get /dev12296/system/clocks/referenceclock/in/sourceactual -
2025.08.18 17:48:35.409   get /dev12296/system/clocks/referenceclock/in/source -
2025.08.18 17:48:35.409   get /dev12296/system/clocks/referenceclock/in/status -
2025.08.18 17:48:35.409   get /dev12296/system/clocks/referenceclock/in/freq -
2025.08.18 17:48:35.409   get /dev12296/system/clocks/referenceclock/in/sourceactual -
2025.08.18 17:48:35.409   get /dev12296/system/clocks/referenceclock/in/source -
2025.08.18 17:48:35.409   get /dev12296/system/clocks/referenceclock/in/status -
2025.08.18 17:48:46.740 Node log from the data server with id 'zi_server':
2025.08.18 17:48:46.740   get /dev12296/raw/system/awg/runtimechecks/enable -
2025.08.18 17:48:46.740   get /dev12296/raw/system/awg/runtimechecks/enable -
2025.08.18 17:48:46.740   get /dev12296/system/clocks/referenceclock/in/freq -
2025.08.18 17:48:46.740   get /dev12296/system/clocks/referenceclock/in/sourceactual -
2025.08.18 17:48:46.740   get /dev12296/system/clocks/referenceclock/in/source -
2025.08.18 17:48:46.740   get /dev12296/system/clocks/referenceclock/in/status -
2025.08.18 17:48:46.740   get /dev12296/system/clocks/referenceclock/in/freq -
2025.08.18 17:48:46.740   get /dev12296/system/clocks/referenceclock/in/sourceactual -
2025.08.18 17:48:46.740   get /dev12296/system/clocks/referenceclock/in/source -
2025.08.18 17:48:46.740   get /dev12296/system/clocks/referenceclock/in/status -
2025.08.18 17:49:00.368 Node log from the data server with id 'zi_server':
2025.08.18 17:49:00.368   get /dev12296/raw/system/awg/runtimechecks/enable -
2025.08.18 17:49:00.368   get /dev12296/raw/system/awg/runtimechecks/enable -
2025.08.18 17:49:00.368   get /dev12296/system/clocks/referenceclock/in/freq -
2025.08.18 17:49:00.368   get /dev12296/system/clocks/referenceclock/in/sourceactual -
2025.08.18 17:49:00.368   get /dev12296/system/clocks/referenceclock/in/source -
2025.08.18 17:49:00.368   get /dev12296/system/clocks/referenceclock/in/status -
2025.08.18 17:49:00.368   get /dev12296/system/clocks/referenceclock/in/freq -
2025.08.18 17:49:00.368   get /dev12296/system/clocks/referenceclock/in/sourceactual -
2025.08.18 17:49:00.368   get /dev12296/system/clocks/referenceclock/in/source -
2025.08.18 17:49:00.368   get /dev12296/system/clocks/referenceclock/in/status -
2025.08.18 17:50:37.486 Node log from the data server with id 'zi_server':
2025.08.18 17:50:37.486   get /dev12296/raw/system/awg/runtimechecks/enable -
2025.08.18 17:50:37.486   get /dev12296/raw/system/awg/runtimechecks/enable -
2025.08.18 17:50:37.486   get /dev12296/system/clocks/referenceclock/in/freq -
2025.08.18 17:50:37.486   get /dev12296/system/clocks/referenceclock/in/sourceactual -
2025.08.18 17:50:37.486   get /dev12296/system/clocks/referenceclock/in/source -
2025.08.18 17:50:37.486   get /dev12296/system/clocks/referenceclock/in/status -
2025.08.18 17:50:37.486   get /dev12296/system/clocks/referenceclock/in/freq -
2025.08.18 17:50:37.486   get /dev12296/system/clocks/referenceclock/in/sourceactual -
2025.08.18 17:50:37.486   get /dev12296/system/clocks/referenceclock/in/source -
2025.08.18 17:50:37.486   get /dev12296/system/clocks/referenceclock/in/status -
2025.08.18 17:51:21.846 Node log from the data server with id 'zi_server':
2025.08.18 17:51:21.846   get /dev12296/raw/system/awg/runtimechecks/enable -
2025.08.18 17:51:21.846   get /dev12296/raw/system/awg/runtimechecks/enable -
2025.08.18 17:51:21.846   get /dev12296/system/clocks/referenceclock/in/freq -
2025.08.18 17:51:21.846   get /dev12296/system/clocks/referenceclock/in/sourceactual -
2025.08.18 17:51:21.846   get /dev12296/system/clocks/referenceclock/in/source -
2025.08.18 17:51:21.846   get /dev12296/system/clocks/referenceclock/in/status -
2025.08.18 17:51:21.846   get /dev12296/system/clocks/referenceclock/in/freq -
2025.08.18 17:51:21.846   get /dev12296/system/clocks/referenceclock/in/sourceactual -
2025.08.18 17:51:21.846   get /dev12296/system/clocks/referenceclock/in/source -
2025.08.18 17:51:21.847   get /dev12296/system/clocks/referenceclock/in/status -
2025.08.18 17:51:21.861 Node log from the data server with id 'zi_server':
2025.08.18 17:51:21.861   set /dev12296/raw/error/clear 1
2025.08.18 17:51:21.861   set /dev12296/sgchannels/*/pipeliner/reset 1
2025.08.18 17:51:21.861   set /dev12296/sgchannels/*/pipeliner/mode 0
2025.08.18 17:51:21.861   set /dev12296/sgchannels/*/synchronization/enable 0
2025.08.18 17:51:21.861   set /dev12296/qachannels/*/pipeliner/reset 1
2025.08.18 17:51:21.861   set /dev12296/qachannels/*/pipeliner/mode 0
2025.08.18 17:51:21.861   set /dev12296/qachannels/*/synchronization/enable 0
2025.08.18 17:51:21.861   set /dev12296/sgchannels/*/awg/enable 0
2025.08.18 17:51:21.861   set /dev12296/qachannels/*/generator/enable 0
2025.08.18 17:51:21.861   set /dev12296/system/synchronization/source 0
2025.08.18 17:51:21.861   set /dev12296/system/internaltrigger/synchronization/enable 0
2025.08.18 17:51:21.861   set /dev12296/qachannels/*/readout/result/enable 0
2025.08.18 17:51:21.862   set /dev12296/qachannels/*/spectroscopy/psd/enable 0
2025.08.18 17:51:21.862   set /dev12296/qachannels/*/spectroscopy/result/enable 0
2025.08.18 17:51:21.862   set /dev12296/qachannels/*/output/rflfinterlock 1
2025.08.18 17:51:21.862   set /dev12296/qachannels/*/oscs/*/gain 1.0
2025.08.18 17:51:21.862   set /dev12296/scopes/0/enable 0
2025.08.18 17:51:21.862   set /dev12296/scopes/0/channels/*/enable 0
2025.08.18 17:51:21.862   get /dev12296/qachannels/0/busy -
2025.08.18 17:51:21.862   get /dev12296/qachannels/0/output/overrangecount -
2025.08.18 17:51:21.862   get /dev12296/qachannels/0/input/overrangecount -
2025.08.18 17:51:21.862   get /dev12296/sgchannels/0/output/overrangecount -
2025.08.18 17:51:21.862   get /dev12296/sgchannels/1/output/overrangecount -
2025.08.18 17:51:21.862   get /dev12296/sgchannels/2/output/overrangecount -
2025.08.18 17:51:21.862   get /dev12296/sgchannels/3/output/overrangecount -
2025.08.18 17:51:21.862   get /dev12296/sgchannels/4/output/overrangecount -
2025.08.18 17:51:21.862   get /dev12296/sgchannels/5/output/overrangecount -
2025.08.18 17:51:21.862   set /dev12296/qachannels/0/output/on 1
2025.08.18 17:51:21.862   set /dev12296/qachannels/0/output/range -30.0
2025.08.18 17:51:21.862   set /dev12296/qachannels/0/generator/single 1
2025.08.18 17:51:21.862   set /dev12296/qachannels/0/input/rflfpath 1
2025.08.18 17:51:21.862   set /dev12296/qachannels/0/input/on 1
2025.08.18 17:51:21.863   set /dev12296/qachannels/0/input/range -40.0
2025.08.18 17:51:21.863   set /dev12296/qachannels/0/oscs/0/freq 0
2025.08.18 17:51:21.863   set /dev12296/system/internaltrigger/enable 0
2025.08.18 17:51:21.863   set /dev12296/system/internaltrigger/repetitions 1
2025.08.18 17:51:21.863   set /dev12296/sgchannels/0/awg/auxtriggers/0/slope 1
2025.08.18 17:51:21.863   set /dev12296/sgchannels/0/awg/auxtriggers/0/channel 8
2025.08.18 17:51:21.863   set /dev12296/qachannels/0/markers/0/source 32
2025.08.18 17:51:21.863   set /dev12296/qachannels/0/markers/1/source 36
2025.08.18 17:51:21.863   set /dev12296/qachannels/0/generator/auxtriggers/0/channel 8
2025.08.18 17:51:21.863   set /dev12296/qachannels/0/centerfreq 7000000000.0
2025.08.18 17:51:21.863   set /dev12296/qachannels/0/oscs/0/gain 0.1
2025.08.18 17:51:21.863   set /dev12296/qachannels/0/spectroscopy/envelope/delay 0.0
2025.08.18 17:51:21.863   set /dev12296/qachannels/0/spectroscopy/delay 2.2e-07
2025.08.18 17:51:21.863   set /dev12296/qachannels/0/mode 0
2025.08.18 17:51:21.863   set /dev12296/qachannels/0/spectroscopy/trigger/channel 36
2025.08.18 17:51:21.863   set /dev12296/qachannels/0/spectroscopy/length 10000
2025.08.18 17:51:21.863   set /dev12296/qachannels/0/readout/result/enable 0
2025.08.18 17:51:21.863   set /dev12296/qachannels/0/spectroscopy/result/length 501
2025.08.18 17:51:21.863   set /dev12296/qachannels/0/spectroscopy/result/averages 4096
2025.08.18 17:51:21.863   set /dev12296/qachannels/0/spectroscopy/result/mode 0
2025.08.18 17:51:21.864   set /dev12296/qachannels/0/spectroscopy/psd/enable 0
2025.08.18 17:51:21.864   set /dev12296/qachannels/0/spectroscopy/result/enable 0
2025.08.18 17:51:21.864   set /dev12296/qachannels/0/spectroscopy/result/enable 1
2025.08.18 17:51:21.864   set /dev12296/scopes/0/enable 0
2025.08.18 17:51:21.864   set /dev12296/qachannels/0/generator/elf/data vector (?? B)
2025.08.18 17:51:21.864   set /dev12296/qachannels/0/spectroscopy/envelope/wave <unexpected type>
2025.08.18 17:51:21.864   set /dev12296/qachannels/0/spectroscopy/envelope/enable 1
2025.08.18 17:51:21.864   set /dev12296/qachannels/0/generator/enable 1
2025.08.18 17:51:21.864   set /dev12296/system/internaltrigger/enable 1
2025.08.18 17:51:21.864   set /dev12296/raw/system/awg/runtimechecks/enable 0
2025.08.18 17:51:21.864   set /dev12296/qachannels/0/readout/result/enable 0
2025.08.18 17:51:21.864   get /dev12296/raw/error/json/errors -
2025.08.18 17:51:21.864   get /dev12296/raw/error/json/errors -
2025.08.18 17:51:21.864   set /dev12296/qachannels/*/spectroscopy/envelope/enable 1
2025.08.18 18:05:16.804 Node log from the data server with id 'zi_server':
2025.08.18 18:05:16.804   get /dev12296/raw/system/awg/runtimechecks/enable -
2025.08.18 18:05:16.804   get /dev12296/raw/system/awg/runtimechecks/enable -
2025.08.18 18:05:16.805   get /dev12296/system/clocks/referenceclock/in/freq -
2025.08.18 18:05:16.805   get /dev12296/system/clocks/referenceclock/in/sourceactual -
2025.08.18 18:05:16.805   get /dev12296/system/clocks/referenceclock/in/source -
2025.08.18 18:05:16.805   get /dev12296/system/clocks/referenceclock/in/status -
2025.08.18 18:05:16.805   get /dev12296/system/clocks/referenceclock/in/freq -
2025.08.18 18:05:16.805   get /dev12296/system/clocks/referenceclock/in/sourceactual -
2025.08.18 18:05:16.805   get /dev12296/system/clocks/referenceclock/in/source -
2025.08.18 18:05:16.805   get /dev12296/system/clocks/referenceclock/in/status -
2025.08.18 18:05:16.816 Node log from the data server with id 'zi_server':
2025.08.18 18:05:16.816   set /dev12296/raw/error/clear 1
2025.08.18 18:05:16.816   set /dev12296/sgchannels/*/pipeliner/reset 1
2025.08.18 18:05:16.816   set /dev12296/sgchannels/*/pipeliner/mode 0
2025.08.18 18:05:16.816   set /dev12296/sgchannels/*/synchronization/enable 0
2025.08.18 18:05:16.816   set /dev12296/qachannels/*/pipeliner/reset 1
2025.08.18 18:05:16.816   set /dev12296/qachannels/*/pipeliner/mode 0
2025.08.18 18:05:16.816   set /dev12296/qachannels/*/synchronization/enable 0
2025.08.18 18:05:16.816   set /dev12296/sgchannels/*/awg/enable 0
2025.08.18 18:05:16.816   set /dev12296/qachannels/*/generator/enable 0
2025.08.18 18:05:16.816   set /dev12296/system/synchronization/source 0
2025.08.18 18:05:16.816   set /dev12296/system/internaltrigger/synchronization/enable 0
2025.08.18 18:05:16.816   set /dev12296/qachannels/*/readout/result/enable 0
2025.08.18 18:05:16.816   set /dev12296/qachannels/*/spectroscopy/psd/enable 0
2025.08.18 18:05:16.816   set /dev12296/qachannels/*/spectroscopy/result/enable 0
2025.08.18 18:05:16.816   set /dev12296/qachannels/*/output/rflfinterlock 1
2025.08.18 18:05:16.817   set /dev12296/qachannels/*/oscs/*/gain 1.0
2025.08.18 18:05:16.817   set /dev12296/scopes/0/enable 0
2025.08.18 18:05:16.817   set /dev12296/scopes/0/channels/*/enable 0
2025.08.18 18:05:16.817   get /dev12296/qachannels/0/busy -
2025.08.18 18:05:16.817   get /dev12296/qachannels/0/output/overrangecount -
2025.08.18 18:05:16.817   get /dev12296/qachannels/0/input/overrangecount -
2025.08.18 18:05:16.817   get /dev12296/sgchannels/0/output/overrangecount -
2025.08.18 18:05:16.817   get /dev12296/sgchannels/1/output/overrangecount -
2025.08.18 18:05:16.817   get /dev12296/sgchannels/2/output/overrangecount -
2025.08.18 18:05:16.817   get /dev12296/sgchannels/3/output/overrangecount -
2025.08.18 18:05:16.817   get /dev12296/sgchannels/4/output/overrangecount -
2025.08.18 18:05:16.817   get /dev12296/sgchannels/5/output/overrangecount -
2025.08.18 18:05:16.817   set /dev12296/qachannels/0/output/on 1
2025.08.18 18:05:16.817   set /dev12296/qachannels/0/output/range -30.0
2025.08.18 18:05:16.817   set /dev12296/qachannels/0/generator/single 1
2025.08.18 18:05:16.817   set /dev12296/qachannels/0/input/rflfpath 1
2025.08.18 18:05:16.817   set /dev12296/qachannels/0/input/on 1
2025.08.18 18:05:16.817   set /dev12296/qachannels/0/input/range -40.0
2025.08.18 18:05:16.817   set /dev12296/qachannels/0/oscs/0/freq 0
2025.08.18 18:05:16.817   set /dev12296/system/internaltrigger/enable 0
2025.08.18 18:05:16.817   set /dev12296/system/internaltrigger/repetitions 1
2025.08.18 18:05:16.817   set /dev12296/sgchannels/0/awg/auxtriggers/0/slope 1
2025.08.18 18:05:16.817   set /dev12296/sgchannels/0/awg/auxtriggers/0/channel 8
2025.08.18 18:05:16.817   set /dev12296/qachannels/0/markers/0/source 32
2025.08.18 18:05:16.817   set /dev12296/qachannels/0/markers/1/source 36
2025.08.18 18:05:16.817   set /dev12296/qachannels/0/generator/auxtriggers/0/channel 8
2025.08.18 18:05:16.818   set /dev12296/qachannels/0/centerfreq 7000000000.0
2025.08.18 18:05:16.818   set /dev12296/qachannels/0/oscs/0/gain 0.1
2025.08.18 18:05:16.818   set /dev12296/qachannels/0/spectroscopy/envelope/delay 0.0
2025.08.18 18:05:16.818   set /dev12296/qachannels/0/spectroscopy/delay 2.2e-07
2025.08.18 18:05:16.818   set /dev12296/qachannels/0/mode 0
2025.08.18 18:05:16.818   set /dev12296/qachannels/0/spectroscopy/trigger/channel 36
2025.08.18 18:05:16.818   set /dev12296/qachannels/0/spectroscopy/length 10000
2025.08.18 18:05:16.818   set /dev12296/qachannels/0/readout/result/enable 0
2025.08.18 18:05:16.818   set /dev12296/qachannels/0/spectroscopy/result/length 501
2025.08.18 18:05:16.818   set /dev12296/qachannels/0/spectroscopy/result/averages 4096
2025.08.18 18:05:16.818   set /dev12296/qachannels/0/spectroscopy/result/mode 0
2025.08.18 18:05:16.818   set /dev12296/qachannels/0/spectroscopy/psd/enable 0
2025.08.18 18:05:16.818   set /dev12296/qachannels/0/spectroscopy/result/enable 0
2025.08.18 18:05:16.818   set /dev12296/qachannels/0/spectroscopy/result/enable 1
2025.08.18 18:05:16.818   set /dev12296/scopes/0/enable 0
2025.08.18 18:05:16.818   set /dev12296/qachannels/0/generator/elf/data vector (?? B)
2025.08.18 18:05:16.818   set /dev12296/qachannels/0/spectroscopy/envelope/wave <unexpected type>
2025.08.18 18:05:16.818   set /dev12296/qachannels/0/spectroscopy/envelope/enable 1
2025.08.18 18:05:16.818   set /dev12296/qachannels/0/generator/enable 1
2025.08.18 18:05:16.818   set /dev12296/system/internaltrigger/enable 1
2025.08.18 18:05:16.818   set /dev12296/raw/system/awg/runtimechecks/enable 0
2025.08.18 18:05:16.818   set /dev12296/qachannels/0/readout/result/enable 0
2025.08.18 18:05:16.818   get /dev12296/raw/error/json/errors -
2025.08.18 18:05:16.818   get /dev12296/raw/error/json/errors -
2025.08.18 18:05:16.819   set /dev12296/qachannels/*/spectroscopy/envelope/enable 1
2025.08.18 22:39:56.033 Node log from the data server with id 'zi_server':
2025.08.18 22:39:56.034   get /dev12296/raw/system/awg/runtimechecks/enable -
2025.08.18 22:39:56.034   get /dev12296/raw/system/awg/runtimechecks/enable -
2025.08.18 22:39:56.034   get /dev12296/system/clocks/referenceclock/in/freq -
2025.08.18 22:39:56.034   get /dev12296/system/clocks/referenceclock/in/sourceactual -
2025.08.18 22:39:56.034   get /dev12296/system/clocks/referenceclock/in/source -
2025.08.18 22:39:56.034   get /dev12296/system/clocks/referenceclock/in/status -
2025.08.18 22:39:56.034   get /dev12296/system/clocks/referenceclock/in/freq -
2025.08.18 22:39:56.034   get /dev12296/system/clocks/referenceclock/in/sourceactual -
2025.08.18 22:39:56.034   get /dev12296/system/clocks/referenceclock/in/source -
2025.08.18 22:39:56.034   get /dev12296/system/clocks/referenceclock/in/status -
2025.08.18 22:40:28.569 Node log from the data server with id 'zi_server':
2025.08.18 22:40:28.569   get /dev12296/raw/system/awg/runtimechecks/enable -
2025.08.18 22:40:28.569   get /dev12296/raw/system/awg/runtimechecks/enable -
2025.08.18 22:40:28.569   get /dev12296/system/clocks/referenceclock/in/freq -
2025.08.18 22:40:28.569   get /dev12296/system/clocks/referenceclock/in/sourceactual -
2025.08.18 22:40:28.569   get /dev12296/system/clocks/referenceclock/in/source -
2025.08.18 22:40:28.569   get /dev12296/system/clocks/referenceclock/in/status -
2025.08.18 22:40:28.569   get /dev12296/system/clocks/referenceclock/in/freq -
2025.08.18 22:40:28.569   get /dev12296/system/clocks/referenceclock/in/sourceactual -
2025.08.18 22:40:28.569   get /dev12296/system/clocks/referenceclock/in/source -
2025.08.18 22:40:28.569   get /dev12296/system/clocks/referenceclock/in/status -
2025.08.18 22:51:47.642 Node log from the data server with id 'zi_server':
2025.08.18 22:51:47.643   get /dev12296/raw/system/awg/runtimechecks/enable -
2025.08.18 22:51:47.643   get /dev12296/raw/system/awg/runtimechecks/enable -
2025.08.18 22:51:47.643   get /dev12296/system/clocks/referenceclock/in/freq -
2025.08.18 22:51:47.643   get /dev12296/system/clocks/referenceclock/in/sourceactual -
2025.08.18 22:51:47.643   get /dev12296/system/clocks/referenceclock/in/source -
2025.08.18 22:51:47.643   get /dev12296/system/clocks/referenceclock/in/status -
2025.08.18 22:51:47.643   get /dev12296/system/clocks/referenceclock/in/freq -
2025.08.18 22:51:47.643   get /dev12296/system/clocks/referenceclock/in/sourceactual -
2025.08.18 22:51:47.643   get /dev12296/system/clocks/referenceclock/in/source -
2025.08.18 22:51:47.643   get /dev12296/system/clocks/referenceclock/in/status -
2025.08.18 22:51:59.555 Node log from the data server with id 'zi_server':
2025.08.18 22:51:59.555   get /dev12296/raw/system/awg/runtimechecks/enable -
2025.08.18 22:51:59.556   get /dev12296/raw/system/awg/runtimechecks/enable -
2025.08.18 22:51:59.556   get /dev12296/system/clocks/referenceclock/in/freq -
2025.08.18 22:51:59.556   get /dev12296/system/clocks/referenceclock/in/sourceactual -
2025.08.18 22:51:59.556   get /dev12296/system/clocks/referenceclock/in/source -
2025.08.18 22:51:59.556   get /dev12296/system/clocks/referenceclock/in/status -
2025.08.18 22:51:59.556   get /dev12296/system/clocks/referenceclock/in/freq -
2025.08.18 22:51:59.556   get /dev12296/system/clocks/referenceclock/in/sourceactual -
2025.08.18 22:51:59.556   get /dev12296/system/clocks/referenceclock/in/source -
2025.08.18 22:51:59.556   get /dev12296/system/clocks/referenceclock/in/status -
2025.08.19 14:44:57.355 Node log from the data server with id 'zi_server':
2025.08.19 14:44:57.355   get /dev12296/raw/system/awg/runtimechecks/enable -
2025.08.19 14:44:57.355   get /dev12296/raw/system/awg/runtimechecks/enable -
2025.08.19 14:44:57.355   get /dev12296/system/clocks/referenceclock/in/freq -
2025.08.19 14:44:57.355   get /dev12296/system/clocks/referenceclock/in/sourceactual -
2025.08.19 14:44:57.355   get /dev12296/system/clocks/referenceclock/in/source -
2025.08.19 14:44:57.355   get /dev12296/system/clocks/referenceclock/in/status -
2025.08.19 14:44:57.355   get /dev12296/system/clocks/referenceclock/in/freq -
2025.08.19 14:44:57.355   get /dev12296/system/clocks/referenceclock/in/sourceactual -
2025.08.19 14:44:57.360   get /dev12296/system/clocks/referenceclock/in/source -
2025.08.19 14:44:57.360   get /dev12296/system/clocks/referenceclock/in/status -
2025.08.19 14:44:58.429 Node log from the data server with id 'zi_server':
2025.08.19 14:44:58.429   set /dev12296/raw/error/clear 1
2025.08.19 14:44:58.429   set /dev12296/sgchannels/*/pipeliner/reset 1
2025.08.19 14:44:58.429   set /dev12296/sgchannels/*/pipeliner/mode 0
2025.08.19 14:44:58.429   set /dev12296/sgchannels/*/synchronization/enable 0
2025.08.19 14:44:58.429   set /dev12296/qachannels/*/pipeliner/reset 1
2025.08.19 14:44:58.429   set /dev12296/qachannels/*/pipeliner/mode 0
2025.08.19 14:44:58.429   set /dev12296/qachannels/*/synchronization/enable 0
2025.08.19 14:44:58.429   set /dev12296/sgchannels/*/awg/enable 0
2025.08.19 14:44:58.429   set /dev12296/qachannels/*/generator/enable 0
2025.08.19 14:44:58.429   set /dev12296/system/synchronization/source 0
2025.08.19 14:44:58.429   set /dev12296/system/internaltrigger/synchronization/enable 0
2025.08.19 14:44:58.429   set /dev12296/qachannels/*/readout/result/enable 0
2025.08.19 14:44:58.429   set /dev12296/qachannels/*/spectroscopy/psd/enable 0
2025.08.19 14:44:58.429   set /dev12296/qachannels/*/spectroscopy/result/enable 0
2025.08.19 14:44:58.429   set /dev12296/qachannels/*/output/rflfinterlock 1
2025.08.19 14:44:58.429   set /dev12296/qachannels/*/oscs/*/gain 1.0
2025.08.19 14:44:58.429   set /dev12296/scopes/0/enable 0
2025.08.19 14:44:58.429   set /dev12296/scopes/0/channels/*/enable 0
2025.08.19 14:44:58.429   get /dev12296/qachannels/0/busy -
2025.08.19 14:44:58.429   get /dev12296/qachannels/0/output/overrangecount -
2025.08.19 14:44:58.429   get /dev12296/qachannels/0/input/overrangecount -
2025.08.19 14:44:58.429   get /dev12296/sgchannels/0/output/overrangecount -
2025.08.19 14:44:58.429   get /dev12296/sgchannels/1/output/overrangecount -
2025.08.19 14:44:58.429   get /dev12296/sgchannels/2/output/overrangecount -
2025.08.19 14:44:58.429   get /dev12296/sgchannels/3/output/overrangecount -
2025.08.19 14:44:58.429   get /dev12296/sgchannels/4/output/overrangecount -
2025.08.19 14:44:58.429   get /dev12296/sgchannels/5/output/overrangecount -
2025.08.19 14:44:58.429   set /dev12296/qachannels/0/output/on 1
2025.08.19 14:44:58.429   set /dev12296/qachannels/0/output/range -40.0
2025.08.19 14:44:58.429   set /dev12296/qachannels/0/generator/single 1
2025.08.19 14:44:58.429   set /dev12296/qachannels/0/input/rflfpath 1
2025.08.19 14:44:58.429   set /dev12296/qachannels/0/input/on 1
2025.08.19 14:44:58.429   set /dev12296/qachannels/0/input/range -40.0
2025.08.19 14:44:58.429   set /dev12296/qachannels/0/oscs/0/freq 0
2025.08.19 14:44:58.429   set /dev12296/system/internaltrigger/enable 0
2025.08.19 14:44:58.429   set /dev12296/system/internaltrigger/repetitions 1
2025.08.19 14:44:58.429   set /dev12296/sgchannels/0/awg/auxtriggers/0/slope 1
2025.08.19 14:44:58.429   set /dev12296/sgchannels/0/awg/auxtriggers/0/channel 8
2025.08.19 14:44:58.429   set /dev12296/qachannels/0/markers/0/source 32
2025.08.19 14:44:58.429   set /dev12296/qachannels/0/markers/1/source 36
2025.08.19 14:44:58.429   set /dev12296/qachannels/0/generator/auxtriggers/0/channel 8
2025.08.19 14:44:58.429   set /dev12296/qachannels/0/centerfreq 7000000000.0
2025.08.19 14:44:58.429   set /dev12296/qachannels/0/oscs/0/gain 0.1
2025.08.19 14:44:58.429   set /dev12296/qachannels/0/spectroscopy/envelope/delay 0.0
2025.08.19 14:44:58.429   set /dev12296/qachannels/0/spectroscopy/delay 2.2e-07
2025.08.19 14:44:58.429   set /dev12296/qachannels/0/mode 0
2025.08.19 14:44:58.429   set /dev12296/qachannels/0/spectroscopy/trigger/channel 36
2025.08.19 14:44:58.429   set /dev12296/qachannels/0/spectroscopy/length 10000
2025.08.19 14:44:58.429   set /dev12296/qachannels/0/readout/result/enable 0
2025.08.19 14:44:58.429   set /dev12296/qachannels/0/spectroscopy/result/length 1002
2025.08.19 14:44:58.429   set /dev12296/qachannels/0/spectroscopy/result/averages 4096
2025.08.19 14:44:58.429   set /dev12296/qachannels/0/spectroscopy/result/mode 0
2025.08.19 14:44:58.429   set /dev12296/qachannels/0/spectroscopy/psd/enable 0
2025.08.19 14:44:58.429   set /dev12296/qachannels/0/spectroscopy/result/enable 0
2025.08.19 14:44:58.429   set /dev12296/qachannels/0/spectroscopy/result/enable 1
2025.08.19 14:44:58.429   set /dev12296/scopes/0/enable 0
2025.08.19 14:44:58.429   set /dev12296/qachannels/0/generator/elf/data vector (?? B)
2025.08.19 14:44:58.429   set /dev12296/qachannels/0/spectroscopy/envelope/wave <unexpected type>
2025.08.19 14:44:58.429   set /dev12296/qachannels/0/spectroscopy/envelope/enable 1
2025.08.19 14:44:58.429   set /dev12296/qachannels/0/generator/enable 1
2025.08.19 14:44:58.429   set /dev12296/system/internaltrigger/enable 1
2025.08.19 14:44:58.429   set /dev12296/raw/system/awg/runtimechecks/enable 0
2025.08.19 14:44:58.429   set /dev12296/qachannels/0/readout/result/enable 0
2025.08.19 14:44:58.429   get /dev12296/raw/error/json/errors -
2025.08.19 14:44:58.429   get /dev12296/raw/error/json/errors -
2025.08.19 14:44:58.429   set /dev12296/system/internaltrigger/enable 0
2025.08.19 14:44:58.429   set /dev12296/system/internaltrigger/repetitions 1
2025.08.19 14:44:58.429   set /dev12296/sgchannels/0/awg/auxtriggers/0/slope 1
2025.08.19 14:44:58.429   set /dev12296/sgchannels/0/awg/auxtriggers/0/channel 8
2025.08.19 14:44:58.429   set /dev12296/qachannels/0/markers/0/source 32
2025.08.19 14:44:58.429   set /dev12296/qachannels/0/markers/1/source 36
2025.08.19 14:44:58.429   set /dev12296/qachannels/0/generator/auxtriggers/0/channel 8
2025.08.19 14:44:58.429   set /dev12296/qachannels/0/mode 0
2025.08.19 14:44:58.429   set /dev12296/qachannels/0/spectroscopy/trigger/channel 36
2025.08.19 14:44:58.429   set /dev12296/qachannels/0/spectroscopy/length 10000
2025.08.19 14:44:58.429   set /dev12296/qachannels/0/readout/result/enable 0
2025.08.19 14:44:58.429   set /dev12296/qachannels/0/spectroscopy/result/length 1002
2025.08.19 14:44:58.429   set /dev12296/qachannels/0/spectroscopy/result/averages 4096
2025.08.19 14:44:58.429   set /dev12296/qachannels/0/spectroscopy/result/mode 0
2025.08.19 14:44:58.429   set /dev12296/qachannels/0/spectroscopy/psd/enable 0
2025.08.19 14:44:58.429   set /dev12296/qachannels/0/spectroscopy/result/enable 0
2025.08.19 14:44:58.429   set /dev12296/qachannels/0/spectroscopy/result/enable 1
2025.08.19 14:44:58.429   set /dev12296/scopes/0/enable 0
2025.08.19 14:44:58.429   set /dev12296/qachannels/0/generator/enable 1
2025.08.19 14:44:58.429   set /dev12296/system/internaltrigger/enable 1
2025.08.19 14:44:58.429   set /dev12296/raw/system/awg/runtimechecks/enable 0
2025.08.19 14:44:58.429   set /dev12296/qachannels/0/readout/result/enable 0
2025.08.19 14:44:58.429   get /dev12296/raw/error/json/errors -
2025.08.19 14:44:58.429   get /dev12296/raw/error/json/errors -
2025.08.19 14:44:58.429   set /dev12296/qachannels/*/spectroscopy/envelope/enable 1
2025.08.19 14:54:48.903 Node log from the data server with id 'zi_server':
2025.08.19 14:54:48.903   get /dev12296/raw/system/awg/runtimechecks/enable -
2025.08.19 14:54:48.903   get /dev12296/raw/system/awg/runtimechecks/enable -
2025.08.19 14:54:48.903   get /dev12296/system/clocks/referenceclock/in/freq -
2025.08.19 14:54:48.903   get /dev12296/system/clocks/referenceclock/in/sourceactual -
2025.08.19 14:54:48.903   get /dev12296/system/clocks/referenceclock/in/source -
2025.08.19 14:54:48.903   get /dev12296/system/clocks/referenceclock/in/status -
2025.08.19 14:54:48.903   get /dev12296/system/clocks/referenceclock/in/freq -
2025.08.19 14:54:48.903   get /dev12296/system/clocks/referenceclock/in/sourceactual -
2025.08.19 14:54:48.903   get /dev12296/system/clocks/referenceclock/in/source -
2025.08.19 14:54:48.903   get /dev12296/system/clocks/referenceclock/in/status -
2025.08.19 14:54:49.387 Node log from the data server with id 'zi_server':
2025.08.19 14:54:49.387   set /dev12296/raw/error/clear 1
2025.08.19 14:54:49.387   set /dev12296/sgchannels/*/pipeliner/reset 1
2025.08.19 14:54:49.387   set /dev12296/sgchannels/*/pipeliner/mode 0
2025.08.19 14:54:49.387   set /dev12296/sgchannels/*/synchronization/enable 0
2025.08.19 14:54:49.387   set /dev12296/qachannels/*/pipeliner/reset 1
2025.08.19 14:54:49.387   set /dev12296/qachannels/*/pipeliner/mode 0
2025.08.19 14:54:49.387   set /dev12296/qachannels/*/synchronization/enable 0
2025.08.19 14:54:49.387   set /dev12296/sgchannels/*/awg/enable 0
2025.08.19 14:54:49.387   set /dev12296/qachannels/*/generator/enable 0
2025.08.19 14:54:49.387   set /dev12296/system/synchronization/source 0
2025.08.19 14:54:49.387   set /dev12296/system/internaltrigger/synchronization/enable 0
2025.08.19 14:54:49.387   set /dev12296/qachannels/*/readout/result/enable 0
2025.08.19 14:54:49.387   set /dev12296/qachannels/*/spectroscopy/psd/enable 0
2025.08.19 14:54:49.387   set /dev12296/qachannels/*/spectroscopy/result/enable 0
2025.08.19 14:54:49.387   set /dev12296/qachannels/*/output/rflfinterlock 1
2025.08.19 14:54:49.387   set /dev12296/qachannels/*/oscs/*/gain 1.0
2025.08.19 14:54:49.387   set /dev12296/scopes/0/enable 0
2025.08.19 14:54:49.387   set /dev12296/scopes/0/channels/*/enable 0
2025.08.19 14:54:49.387   get /dev12296/qachannels/0/busy -
2025.08.19 14:54:49.387   get /dev12296/qachannels/0/output/overrangecount -
2025.08.19 14:54:49.387   get /dev12296/qachannels/0/input/overrangecount -
2025.08.19 14:54:49.387   get /dev12296/sgchannels/0/output/overrangecount -
2025.08.19 14:54:49.387   get /dev12296/sgchannels/1/output/overrangecount -
2025.08.19 14:54:49.387   get /dev12296/sgchannels/2/output/overrangecount -
2025.08.19 14:54:49.387   get /dev12296/sgchannels/3/output/overrangecount -
2025.08.19 14:54:49.387   get /dev12296/sgchannels/4/output/overrangecount -
2025.08.19 14:54:49.387   get /dev12296/sgchannels/5/output/overrangecount -
2025.08.19 14:54:49.387   set /dev12296/qachannels/0/output/on 1
2025.08.19 14:54:49.387   set /dev12296/qachannels/0/output/range -40.0
2025.08.19 14:54:49.387   set /dev12296/qachannels/0/generator/single 1
2025.08.19 14:54:49.387   set /dev12296/qachannels/0/input/rflfpath 1
2025.08.19 14:54:49.387   set /dev12296/qachannels/0/input/on 1
2025.08.19 14:54:49.387   set /dev12296/qachannels/0/input/range -40.0
2025.08.19 14:54:49.387   set /dev12296/qachannels/0/oscs/0/freq 0
2025.08.19 14:54:49.387   set /dev12296/system/internaltrigger/enable 0
2025.08.19 14:54:49.387   set /dev12296/system/internaltrigger/repetitions 1
2025.08.19 14:54:49.387   set /dev12296/sgchannels/0/awg/auxtriggers/0/slope 1
2025.08.19 14:54:49.387   set /dev12296/sgchannels/0/awg/auxtriggers/0/channel 8
2025.08.19 14:54:49.387   set /dev12296/qachannels/0/markers/0/source 32
2025.08.19 14:54:49.387   set /dev12296/qachannels/0/markers/1/source 36
2025.08.19 14:54:49.387   set /dev12296/qachannels/0/generator/auxtriggers/0/channel 8
2025.08.19 14:54:49.387   set /dev12296/qachannels/0/centerfreq 7000000000.0
2025.08.19 14:54:49.387   set /dev12296/qachannels/0/oscs/0/gain 0.1
2025.08.19 14:54:49.387   set /dev12296/qachannels/0/spectroscopy/envelope/delay 0.0
2025.08.19 14:54:49.387   set /dev12296/qachannels/0/spectroscopy/delay 2.2e-07
2025.08.19 14:54:49.387   set /dev12296/qachannels/0/mode 0
2025.08.19 14:54:49.387   set /dev12296/qachannels/0/spectroscopy/trigger/channel 36
2025.08.19 14:54:49.387   set /dev12296/qachannels/0/spectroscopy/length 10000
2025.08.19 14:54:49.387   set /dev12296/qachannels/0/readout/result/enable 0
2025.08.19 14:54:49.387   set /dev12296/qachannels/0/spectroscopy/result/length 501
2025.08.19 14:54:49.387   set /dev12296/qachannels/0/spectroscopy/result/averages 4096
2025.08.19 14:54:49.387   set /dev12296/qachannels/0/spectroscopy/result/mode 0
2025.08.19 14:54:49.387   set /dev12296/qachannels/0/spectroscopy/psd/enable 0
2025.08.19 14:54:49.387   set /dev12296/qachannels/0/spectroscopy/result/enable 0
2025.08.19 14:54:49.387   set /dev12296/qachannels/0/spectroscopy/result/enable 1
2025.08.19 14:54:49.387   set /dev12296/scopes/0/enable 0
2025.08.19 14:54:49.387   set /dev12296/qachannels/0/generator/elf/data vector (?? B)
2025.08.19 14:54:49.387   set /dev12296/qachannels/0/spectroscopy/envelope/wave <unexpected type>
2025.08.19 14:54:49.387   set /dev12296/qachannels/0/spectroscopy/envelope/enable 1
2025.08.19 14:54:49.387   set /dev12296/qachannels/0/generator/enable 1
2025.08.19 14:54:49.387   set /dev12296/system/internaltrigger/enable 1
2025.08.19 14:54:49.400   set /dev12296/raw/system/awg/runtimechecks/enable 0
2025.08.19 14:54:49.400   set /dev12296/qachannels/0/readout/result/enable 0
2025.08.19 14:54:49.400   get /dev12296/raw/error/json/errors -
2025.08.19 14:54:49.401   get /dev12296/raw/error/json/errors -
2025.08.19 14:54:49.401   set /dev12296/system/internaltrigger/enable 0
2025.08.19 14:54:49.401   set /dev12296/system/internaltrigger/repetitions 1
2025.08.19 14:54:49.401   set /dev12296/sgchannels/0/awg/auxtriggers/0/slope 1
2025.08.19 14:54:49.401   set /dev12296/sgchannels/0/awg/auxtriggers/0/channel 8
2025.08.19 14:54:49.401   set /dev12296/qachannels/0/markers/0/source 32
2025.08.19 14:54:49.401   set /dev12296/qachannels/0/markers/1/source 36
2025.08.19 14:54:49.401   set /dev12296/qachannels/0/generator/auxtriggers/0/channel 8
2025.08.19 14:54:49.401   set /dev12296/qachannels/0/mode 0
2025.08.19 14:54:49.401   set /dev12296/qachannels/0/spectroscopy/trigger/channel 36
2025.08.19 14:54:49.401   set /dev12296/qachannels/0/spectroscopy/length 10000
2025.08.19 14:54:49.401   set /dev12296/qachannels/0/readout/result/enable 0
2025.08.19 14:54:49.401   set /dev12296/qachannels/0/spectroscopy/result/length 501
2025.08.19 14:54:49.401   set /dev12296/qachannels/0/spectroscopy/result/averages 4096
2025.08.19 14:54:49.401   set /dev12296/qachannels/0/spectroscopy/result/mode 0
2025.08.19 14:54:49.401   set /dev12296/qachannels/0/spectroscopy/psd/enable 0
2025.08.19 14:54:49.401   set /dev12296/qachannels/0/spectroscopy/result/enable 0
2025.08.19 14:54:49.401   set /dev12296/qachannels/0/spectroscopy/result/enable 1
2025.08.19 14:54:49.401   set /dev12296/scopes/0/enable 0
2025.08.19 14:54:49.401   set /dev12296/qachannels/0/generator/enable 1
2025.08.19 14:54:49.401   set /dev12296/system/internaltrigger/enable 1
2025.08.19 14:54:49.401   set /dev12296/raw/system/awg/runtimechecks/enable 0
2025.08.19 14:54:49.401   set /dev12296/qachannels/0/readout/result/enable 0
2025.08.19 14:54:49.401   get /dev12296/raw/error/json/errors -
2025.08.19 14:54:49.401   get /dev12296/raw/error/json/errors -
2025.08.19 14:54:49.401   set /dev12296/qachannels/*/spectroscopy/envelope/enable 1
2025.08.19 14:55:53.214 Node log from the data server with id 'zi_server':
2025.08.19 14:55:53.214   get /dev12296/raw/system/awg/runtimechecks/enable -
2025.08.19 14:55:53.214   get /dev12296/raw/system/awg/runtimechecks/enable -
2025.08.19 14:55:53.214   get /dev12296/system/clocks/referenceclock/in/freq -
2025.08.19 14:55:53.214   get /dev12296/system/clocks/referenceclock/in/sourceactual -
2025.08.19 14:55:53.229   get /dev12296/system/clocks/referenceclock/in/source -
2025.08.19 14:55:53.229   get /dev12296/system/clocks/referenceclock/in/status -
2025.08.19 14:55:53.229   get /dev12296/system/clocks/referenceclock/in/freq -
2025.08.19 14:55:53.229   get /dev12296/system/clocks/referenceclock/in/sourceactual -
2025.08.19 14:55:53.229   get /dev12296/system/clocks/referenceclock/in/source -
2025.08.19 14:55:53.229   get /dev12296/system/clocks/referenceclock/in/status -
2025.08.19 14:56:58.102 Node log from the data server with id 'zi_server':
2025.08.19 14:56:58.102   get /dev12296/raw/system/awg/runtimechecks/enable -
2025.08.19 14:56:58.102   get /dev12296/raw/system/awg/runtimechecks/enable -
2025.08.19 14:56:58.102   get /dev12296/system/clocks/referenceclock/in/freq -
2025.08.19 14:56:58.102   get /dev12296/system/clocks/referenceclock/in/sourceactual -
2025.08.19 14:56:58.102   get /dev12296/system/clocks/referenceclock/in/source -
2025.08.19 14:56:58.102   get /dev12296/system/clocks/referenceclock/in/status -
2025.08.19 14:56:58.102   get /dev12296/system/clocks/referenceclock/in/freq -
2025.08.19 14:56:58.102   get /dev12296/system/clocks/referenceclock/in/sourceactual -
2025.08.19 14:56:58.102   get /dev12296/system/clocks/referenceclock/in/source -
2025.08.19 14:56:58.102   get /dev12296/system/clocks/referenceclock/in/status -
2025.08.19 14:57:32.047 Node log from the data server with id 'zi_server':
2025.08.19 14:57:32.047   get /dev12296/raw/system/awg/runtimechecks/enable -
2025.08.19 14:57:32.047   get /dev12296/raw/system/awg/runtimechecks/enable -
2025.08.19 14:57:32.047   get /dev12296/system/clocks/referenceclock/in/freq -
2025.08.19 14:57:32.047   get /dev12296/system/clocks/referenceclock/in/sourceactual -
2025.08.19 14:57:32.047   get /dev12296/system/clocks/referenceclock/in/source -
2025.08.19 14:57:32.047   get /dev12296/system/clocks/referenceclock/in/status -
2025.08.19 14:57:32.047   get /dev12296/system/clocks/referenceclock/in/freq -
2025.08.19 14:57:32.047   get /dev12296/system/clocks/referenceclock/in/sourceactual -
2025.08.19 14:57:32.047   get /dev12296/system/clocks/referenceclock/in/source -
2025.08.19 14:57:32.047   get /dev12296/system/clocks/referenceclock/in/status -
2025.08.19 14:59:44.045 Node log from the data server with id 'zi_server':
2025.08.19 14:59:44.045   get /dev12296/raw/system/awg/runtimechecks/enable -
2025.08.19 14:59:44.046   get /dev12296/raw/system/awg/runtimechecks/enable -
2025.08.19 14:59:44.046   get /dev12296/system/clocks/referenceclock/in/freq -
2025.08.19 14:59:44.046   get /dev12296/system/clocks/referenceclock/in/sourceactual -
2025.08.19 14:59:44.046   get /dev12296/system/clocks/referenceclock/in/source -
2025.08.19 14:59:44.046   get /dev12296/system/clocks/referenceclock/in/status -
2025.08.19 14:59:44.046   get /dev12296/system/clocks/referenceclock/in/freq -
2025.08.19 14:59:44.046   get /dev12296/system/clocks/referenceclock/in/sourceactual -
2025.08.19 14:59:44.046   get /dev12296/system/clocks/referenceclock/in/source -
2025.08.19 14:59:44.047   get /dev12296/system/clocks/referenceclock/in/status -
2025.08.19 15:06:26.996 Node log from the data server with id 'zi_server':
2025.08.19 15:06:26.996   get /dev12296/raw/system/awg/runtimechecks/enable -
2025.08.19 15:06:26.996   get /dev12296/raw/system/awg/runtimechecks/enable -
2025.08.19 15:06:26.996   get /dev12296/system/clocks/referenceclock/in/freq -
2025.08.19 15:06:26.996   get /dev12296/system/clocks/referenceclock/in/sourceactual -
2025.08.19 15:06:26.996   get /dev12296/system/clocks/referenceclock/in/source -
2025.08.19 15:06:26.996   get /dev12296/system/clocks/referenceclock/in/status -
2025.08.19 15:06:26.996   get /dev12296/system/clocks/referenceclock/in/freq -
2025.08.19 15:06:26.996   get /dev12296/system/clocks/referenceclock/in/sourceactual -
2025.08.19 15:06:26.996   get /dev12296/system/clocks/referenceclock/in/source -
2025.08.19 15:06:26.996   get /dev12296/system/clocks/referenceclock/in/status -
2025.08.19 15:06:27.513 Node log from the data server with id 'zi_server':
2025.08.19 15:06:27.513   set /dev12296/raw/error/clear 1
2025.08.19 15:06:27.513   set /dev12296/sgchannels/*/pipeliner/reset 1
2025.08.19 15:06:27.513   set /dev12296/sgchannels/*/pipeliner/mode 0
2025.08.19 15:06:27.513   set /dev12296/sgchannels/*/synchronization/enable 0
2025.08.19 15:06:27.513   set /dev12296/qachannels/*/pipeliner/reset 1
2025.08.19 15:06:27.513   set /dev12296/qachannels/*/pipeliner/mode 0
2025.08.19 15:06:27.513   set /dev12296/qachannels/*/synchronization/enable 0
2025.08.19 15:06:27.513   set /dev12296/sgchannels/*/awg/enable 0
2025.08.19 15:06:27.513   set /dev12296/qachannels/*/generator/enable 0
2025.08.19 15:06:27.513   set /dev12296/system/synchronization/source 0
2025.08.19 15:06:27.513   set /dev12296/system/internaltrigger/synchronization/enable 0
2025.08.19 15:06:27.513   set /dev12296/qachannels/*/readout/result/enable 0
2025.08.19 15:06:27.513   set /dev12296/qachannels/*/spectroscopy/psd/enable 0
2025.08.19 15:06:27.513   set /dev12296/qachannels/*/spectroscopy/result/enable 0
2025.08.19 15:06:27.513   set /dev12296/qachannels/*/output/rflfinterlock 1
2025.08.19 15:06:27.513   set /dev12296/qachannels/*/oscs/*/gain 1.0
2025.08.19 15:06:27.513   set /dev12296/scopes/0/enable 0
2025.08.19 15:06:27.513   set /dev12296/scopes/0/channels/*/enable 0
2025.08.19 15:06:27.513   get /dev12296/qachannels/0/busy -
2025.08.19 15:06:27.513   get /dev12296/qachannels/0/output/overrangecount -
2025.08.19 15:06:27.513   get /dev12296/qachannels/0/input/overrangecount -
2025.08.19 15:06:27.513   get /dev12296/sgchannels/0/output/overrangecount -
2025.08.19 15:06:27.513   get /dev12296/sgchannels/1/output/overrangecount -
2025.08.19 15:06:27.513   get /dev12296/sgchannels/2/output/overrangecount -
2025.08.19 15:06:27.513   get /dev12296/sgchannels/3/output/overrangecount -
2025.08.19 15:06:27.513   get /dev12296/sgchannels/4/output/overrangecount -
2025.08.19 15:06:27.513   get /dev12296/sgchannels/5/output/overrangecount -
2025.08.19 15:06:27.513   set /dev12296/qachannels/0/output/on 1
2025.08.19 15:06:27.513   set /dev12296/qachannels/0/output/range -30.0
2025.08.19 15:06:27.513   set /dev12296/qachannels/0/generator/single 1
2025.08.19 15:06:27.513   set /dev12296/qachannels/0/input/rflfpath 1
2025.08.19 15:06:27.513   set /dev12296/qachannels/0/input/on 1
2025.08.19 15:06:27.513   set /dev12296/qachannels/0/input/range -40.0
2025.08.19 15:06:27.513   set /dev12296/qachannels/0/oscs/0/freq 0
2025.08.19 15:06:27.513   set /dev12296/system/internaltrigger/enable 0
2025.08.19 15:06:27.513   set /dev12296/system/internaltrigger/repetitions 1
2025.08.19 15:06:27.513   set /dev12296/sgchannels/0/awg/auxtriggers/0/slope 1
2025.08.19 15:06:27.513   set /dev12296/sgchannels/0/awg/auxtriggers/0/channel 8
2025.08.19 15:06:27.513   set /dev12296/qachannels/0/markers/0/source 32
2025.08.19 15:06:27.513   set /dev12296/qachannels/0/markers/1/source 36
2025.08.19 15:06:27.513   set /dev12296/qachannels/0/generator/auxtriggers/0/channel 8
2025.08.19 15:06:27.513   set /dev12296/qachannels/0/centerfreq 7000000000.0
2025.08.19 15:06:27.513   set /dev12296/qachannels/0/oscs/0/gain 0.15
2025.08.19 15:06:27.513   set /dev12296/qachannels/0/spectroscopy/envelope/delay 0.0
2025.08.19 15:06:27.513   set /dev12296/qachannels/0/spectroscopy/delay 2.2e-07
2025.08.19 15:06:27.528   set /dev12296/qachannels/0/mode 0
2025.08.19 15:06:27.528   set /dev12296/qachannels/0/spectroscopy/trigger/channel 36
2025.08.19 15:06:27.528   set /dev12296/qachannels/0/spectroscopy/length 10000
2025.08.19 15:06:27.528   set /dev12296/qachannels/0/readout/result/enable 0
2025.08.19 15:06:27.528   set /dev12296/qachannels/0/spectroscopy/result/length 501
2025.08.19 15:06:27.528   set /dev12296/qachannels/0/spectroscopy/result/averages 4096
2025.08.19 15:06:27.528   set /dev12296/qachannels/0/spectroscopy/result/mode 0
2025.08.19 15:06:27.528   set /dev12296/qachannels/0/spectroscopy/psd/enable 0
2025.08.19 15:06:27.528   set /dev12296/qachannels/0/spectroscopy/result/enable 0
2025.08.19 15:06:27.529   set /dev12296/qachannels/0/spectroscopy/result/enable 1
2025.08.19 15:06:27.529   set /dev12296/scopes/0/enable 0
2025.08.19 15:06:27.529   set /dev12296/qachannels/0/generator/elf/data vector (?? B)
2025.08.19 15:06:27.529   set /dev12296/qachannels/0/spectroscopy/envelope/wave <unexpected type>
2025.08.19 15:06:27.529   set /dev12296/qachannels/0/spectroscopy/envelope/enable 1
2025.08.19 15:06:27.529   set /dev12296/qachannels/0/generator/enable 1
2025.08.19 15:06:27.529   set /dev12296/system/internaltrigger/enable 1
2025.08.19 15:06:27.529   set /dev12296/raw/system/awg/runtimechecks/enable 0
2025.08.19 15:06:27.529   set /dev12296/qachannels/0/readout/result/enable 0
2025.08.19 15:06:27.530   get /dev12296/raw/error/json/errors -
2025.08.19 15:06:27.530   get /dev12296/raw/error/json/errors -
2025.08.19 15:06:27.530   set /dev12296/system/internaltrigger/enable 0
2025.08.19 15:06:27.530   set /dev12296/system/internaltrigger/repetitions 1
2025.08.19 15:06:27.530   set /dev12296/sgchannels/0/awg/auxtriggers/0/slope 1
2025.08.19 15:06:27.530   set /dev12296/sgchannels/0/awg/auxtriggers/0/channel 8
2025.08.19 15:06:27.530   set /dev12296/qachannels/0/markers/0/source 32
2025.08.19 15:06:27.530   set /dev12296/qachannels/0/markers/1/source 36
2025.08.19 15:06:27.530   set /dev12296/qachannels/0/generator/auxtriggers/0/channel 8
2025.08.19 15:06:27.530   set /dev12296/qachannels/0/oscs/0/gain 0.6
2025.08.19 15:06:27.530   set /dev12296/qachannels/0/mode 0
2025.08.19 15:06:27.530   set /dev12296/qachannels/0/spectroscopy/trigger/channel 36
2025.08.19 15:06:27.530   set /dev12296/qachannels/0/spectroscopy/length 10000
2025.08.19 15:06:27.530   set /dev12296/qachannels/0/readout/result/enable 0
2025.08.19 15:06:27.530   set /dev12296/qachannels/0/spectroscopy/result/length 501
2025.08.19 15:06:27.530   set /dev12296/qachannels/0/spectroscopy/result/averages 4096
2025.08.19 15:06:27.530   set /dev12296/qachannels/0/spectroscopy/result/mode 0
2025.08.19 15:06:27.530   set /dev12296/qachannels/0/spectroscopy/psd/enable 0
2025.08.19 15:06:27.530   set /dev12296/qachannels/0/spectroscopy/result/enable 0
2025.08.19 15:06:27.530   set /dev12296/qachannels/0/spectroscopy/result/enable 1
2025.08.19 15:06:27.530   set /dev12296/scopes/0/enable 0
2025.08.19 15:06:27.530   set /dev12296/qachannels/0/generator/enable 1
2025.08.19 15:06:27.530   set /dev12296/system/internaltrigger/enable 1
2025.08.19 15:06:27.530   set /dev12296/raw/system/awg/runtimechecks/enable 0
2025.08.19 15:06:27.530   set /dev12296/qachannels/0/readout/result/enable 0
2025.08.19 15:06:27.530   get /dev12296/raw/error/json/errors -
2025.08.19 15:06:27.530   get /dev12296/raw/error/json/errors -
2025.08.19 15:06:27.530   set /dev12296/qachannels/*/spectroscopy/envelope/enable 1
2025.08.19 15:06:50.625 Node log from the data server with id 'zi_server':
2025.08.19 15:06:50.635   get /dev12296/raw/system/awg/runtimechecks/enable -
2025.08.19 15:06:50.635   get /dev12296/raw/system/awg/runtimechecks/enable -
2025.08.19 15:06:50.635   get /dev12296/system/clocks/referenceclock/in/freq -
2025.08.19 15:06:50.635   get /dev12296/system/clocks/referenceclock/in/sourceactual -
2025.08.19 15:06:50.635   get /dev12296/system/clocks/referenceclock/in/source -
2025.08.19 15:06:50.635   get /dev12296/system/clocks/referenceclock/in/status -
2025.08.19 15:06:50.635   get /dev12296/system/clocks/referenceclock/in/freq -
2025.08.19 15:06:50.636   get /dev12296/system/clocks/referenceclock/in/sourceactual -
2025.08.19 15:06:50.636   get /dev12296/system/clocks/referenceclock/in/source -
2025.08.19 15:06:50.636   get /dev12296/system/clocks/referenceclock/in/status -
2025.08.19 15:06:51.050 Node log from the data server with id 'zi_server':
2025.08.19 15:06:51.050   set /dev12296/raw/error/clear 1
2025.08.19 15:06:51.050   set /dev12296/sgchannels/*/pipeliner/reset 1
2025.08.19 15:06:51.050   set /dev12296/sgchannels/*/pipeliner/mode 0
2025.08.19 15:06:51.050   set /dev12296/sgchannels/*/synchronization/enable 0
2025.08.19 15:06:51.050   set /dev12296/qachannels/*/pipeliner/reset 1
2025.08.19 15:06:51.050   set /dev12296/qachannels/*/pipeliner/mode 0
2025.08.19 15:06:51.051   set /dev12296/qachannels/*/synchronization/enable 0
2025.08.19 15:06:51.051   set /dev12296/sgchannels/*/awg/enable 0
2025.08.19 15:06:51.051   set /dev12296/qachannels/*/generator/enable 0
2025.08.19 15:06:51.051   set /dev12296/system/synchronization/source 0
2025.08.19 15:06:51.051   set /dev12296/system/internaltrigger/synchronization/enable 0
2025.08.19 15:06:51.051   set /dev12296/qachannels/*/readout/result/enable 0
2025.08.19 15:06:51.051   set /dev12296/qachannels/*/spectroscopy/psd/enable 0
2025.08.19 15:06:51.051   set /dev12296/qachannels/*/spectroscopy/result/enable 0
2025.08.19 15:06:51.052   set /dev12296/qachannels/*/output/rflfinterlock 1
2025.08.19 15:06:51.052   set /dev12296/qachannels/*/oscs/*/gain 1.0
2025.08.19 15:06:51.052   set /dev12296/scopes/0/enable 0
2025.08.19 15:06:51.053   set /dev12296/scopes/0/channels/*/enable 0
2025.08.19 15:06:51.053   get /dev12296/qachannels/0/busy -
2025.08.19 15:06:51.053   get /dev12296/qachannels/0/output/overrangecount -
2025.08.19 15:06:51.053   get /dev12296/qachannels/0/input/overrangecount -
2025.08.19 15:06:51.053   get /dev12296/sgchannels/0/output/overrangecount -
2025.08.19 15:06:51.053   get /dev12296/sgchannels/1/output/overrangecount -
2025.08.19 15:06:51.053   get /dev12296/sgchannels/2/output/overrangecount -
2025.08.19 15:06:51.053   get /dev12296/sgchannels/3/output/overrangecount -
2025.08.19 15:06:51.053   get /dev12296/sgchannels/4/output/overrangecount -
2025.08.19 15:06:51.053   get /dev12296/sgchannels/5/output/overrangecount -
2025.08.19 15:06:51.053   set /dev12296/qachannels/0/output/on 1
2025.08.19 15:06:51.053   set /dev12296/qachannels/0/output/range -30.0
2025.08.19 15:06:51.053   set /dev12296/qachannels/0/generator/single 1
2025.08.19 15:06:51.053   set /dev12296/qachannels/0/input/rflfpath 1
2025.08.19 15:06:51.053   set /dev12296/qachannels/0/input/on 1
2025.08.19 15:06:51.053   set /dev12296/qachannels/0/input/range -40.0
2025.08.19 15:06:51.053   set /dev12296/qachannels/0/oscs/0/freq 0
2025.08.19 15:06:51.053   set /dev12296/system/internaltrigger/enable 0
2025.08.19 15:06:51.053   set /dev12296/system/internaltrigger/repetitions 1
2025.08.19 15:06:51.053   set /dev12296/sgchannels/0/awg/auxtriggers/0/slope 1
2025.08.19 15:06:51.053   set /dev12296/sgchannels/0/awg/auxtriggers/0/channel 8
2025.08.19 15:06:51.053   set /dev12296/qachannels/0/markers/0/source 32
2025.08.19 15:06:51.053   set /dev12296/qachannels/0/markers/1/source 36
2025.08.19 15:06:51.053   set /dev12296/qachannels/0/generator/auxtriggers/0/channel 8
2025.08.19 15:06:51.053   set /dev12296/qachannels/0/centerfreq 7000000000.0
2025.08.19 15:06:51.053   set /dev12296/qachannels/0/oscs/0/gain 0.15
2025.08.19 15:06:51.053   set /dev12296/qachannels/0/spectroscopy/envelope/delay 0.0
2025.08.19 15:06:51.053   set /dev12296/qachannels/0/spectroscopy/delay 2.2e-07
2025.08.19 15:06:51.053   set /dev12296/qachannels/0/mode 0
2025.08.19 15:06:51.053   set /dev12296/qachannels/0/spectroscopy/trigger/channel 36
2025.08.19 15:06:51.053   set /dev12296/qachannels/0/spectroscopy/length 10000
2025.08.19 15:06:51.053   set /dev12296/qachannels/0/readout/result/enable 0
2025.08.19 15:06:51.053   set /dev12296/qachannels/0/spectroscopy/result/length 501
2025.08.19 15:06:51.053   set /dev12296/qachannels/0/spectroscopy/result/averages 4
2025.08.19 15:06:51.053   set /dev12296/qachannels/0/spectroscopy/result/mode 0
2025.08.19 15:06:51.053   set /dev12296/qachannels/0/spectroscopy/psd/enable 0
2025.08.19 15:06:51.053   set /dev12296/qachannels/0/spectroscopy/result/enable 0
2025.08.19 15:06:51.053   set /dev12296/qachannels/0/spectroscopy/result/enable 1
2025.08.19 15:06:51.053   set /dev12296/scopes/0/enable 0
2025.08.19 15:06:51.053   set /dev12296/qachannels/0/generator/elf/data vector (?? B)
2025.08.19 15:06:51.053   set /dev12296/qachannels/0/spectroscopy/envelope/wave <unexpected type>
2025.08.19 15:06:51.053   set /dev12296/qachannels/0/spectroscopy/envelope/enable 1
2025.08.19 15:06:51.053   set /dev12296/qachannels/0/generator/enable 1
2025.08.19 15:06:51.053   set /dev12296/system/internaltrigger/enable 1
2025.08.19 15:06:51.053   set /dev12296/raw/system/awg/runtimechecks/enable 0
2025.08.19 15:06:51.053   set /dev12296/qachannels/0/readout/result/enable 0
2025.08.19 15:06:51.053   get /dev12296/raw/error/json/errors -
2025.08.19 15:06:51.053   get /dev12296/raw/error/json/errors -
2025.08.19 15:06:51.053   set /dev12296/system/internaltrigger/enable 0
2025.08.19 15:06:51.053   set /dev12296/system/internaltrigger/repetitions 1
2025.08.19 15:06:51.053   set /dev12296/sgchannels/0/awg/auxtriggers/0/slope 1
2025.08.19 15:06:51.053   set /dev12296/sgchannels/0/awg/auxtriggers/0/channel 8
2025.08.19 15:06:51.053   set /dev12296/qachannels/0/markers/0/source 32
2025.08.19 15:06:51.053   set /dev12296/qachannels/0/markers/1/source 36
2025.08.19 15:06:51.053   set /dev12296/qachannels/0/generator/auxtriggers/0/channel 8
2025.08.19 15:06:51.053   set /dev12296/qachannels/0/oscs/0/gain 0.6
2025.08.19 15:06:51.053   set /dev12296/qachannels/0/mode 0
2025.08.19 15:06:51.053   set /dev12296/qachannels/0/spectroscopy/trigger/channel 36
2025.08.19 15:06:51.053   set /dev12296/qachannels/0/spectroscopy/length 10000
2025.08.19 15:06:51.053   set /dev12296/qachannels/0/readout/result/enable 0
2025.08.19 15:06:51.053   set /dev12296/qachannels/0/spectroscopy/result/length 501
2025.08.19 15:06:51.053   set /dev12296/qachannels/0/spectroscopy/result/averages 4
2025.08.19 15:06:51.053   set /dev12296/qachannels/0/spectroscopy/result/mode 0
2025.08.19 15:06:51.053   set /dev12296/qachannels/0/spectroscopy/psd/enable 0
2025.08.19 15:06:51.053   set /dev12296/qachannels/0/spectroscopy/result/enable 0
2025.08.19 15:06:51.053   set /dev12296/qachannels/0/spectroscopy/result/enable 1
2025.08.19 15:06:51.053   set /dev12296/scopes/0/enable 0
2025.08.19 15:06:51.053   set /dev12296/qachannels/0/generator/enable 1
2025.08.19 15:06:51.053   set /dev12296/system/internaltrigger/enable 1
2025.08.19 15:06:51.053   set /dev12296/raw/system/awg/runtimechecks/enable 0
2025.08.19 15:06:51.053   set /dev12296/qachannels/0/readout/result/enable 0
2025.08.19 15:06:51.053   get /dev12296/raw/error/json/errors -
2025.08.19 15:06:51.053   get /dev12296/raw/error/json/errors -
2025.08.19 15:06:51.053   set /dev12296/qachannels/*/spectroscopy/envelope/enable 1
2025.08.19 15:08:07.069 Node log from the data server with id 'zi_server':
2025.08.19 15:08:07.069   get /dev12296/raw/system/awg/runtimechecks/enable -
2025.08.19 15:08:07.069   get /dev12296/raw/system/awg/runtimechecks/enable -
2025.08.19 15:08:07.069   get /dev12296/system/clocks/referenceclock/in/freq -
2025.08.19 15:08:07.069   get /dev12296/system/clocks/referenceclock/in/sourceactual -
2025.08.19 15:08:07.069   get /dev12296/system/clocks/referenceclock/in/source -
2025.08.19 15:08:07.069   get /dev12296/system/clocks/referenceclock/in/status -
2025.08.19 15:08:07.069   get /dev12296/system/clocks/referenceclock/in/freq -
2025.08.19 15:08:07.069   get /dev12296/system/clocks/referenceclock/in/sourceactual -
2025.08.19 15:08:07.069   get /dev12296/system/clocks/referenceclock/in/source -
2025.08.19 15:08:07.069   get /dev12296/system/clocks/referenceclock/in/status -
2025.08.19 15:08:12.159 Node log from the data server with id 'zi_server':
2025.08.19 15:08:12.159   set /dev12296/raw/error/clear 1
2025.08.19 15:08:12.159   set /dev12296/sgchannels/*/pipeliner/reset 1
2025.08.19 15:08:12.159   set /dev12296/sgchannels/*/pipeliner/mode 0
2025.08.19 15:08:12.160   set /dev12296/sgchannels/*/synchronization/enable 0
2025.08.19 15:08:12.160   set /dev12296/qachannels/*/pipeliner/reset 1
2025.08.19 15:08:12.160   set /dev12296/qachannels/*/pipeliner/mode 0
2025.08.19 15:08:12.160   set /dev12296/qachannels/*/synchronization/enable 0
2025.08.19 15:08:12.160   set /dev12296/sgchannels/*/awg/enable 0
2025.08.19 15:08:12.160   set /dev12296/qachannels/*/generator/enable 0
2025.08.19 15:08:12.160   set /dev12296/system/synchronization/source 0
2025.08.19 15:08:12.160   set /dev12296/system/internaltrigger/synchronization/enable 0
2025.08.19 15:08:12.160   set /dev12296/qachannels/*/readout/result/enable 0
2025.08.19 15:08:12.161   set /dev12296/qachannels/*/spectroscopy/psd/enable 0
2025.08.19 15:08:12.161   set /dev12296/qachannels/*/spectroscopy/result/enable 0
2025.08.19 15:08:12.161   set /dev12296/qachannels/*/output/rflfinterlock 1
2025.08.19 15:08:12.161   set /dev12296/qachannels/*/oscs/*/gain 1.0
2025.08.19 15:08:12.161   set /dev12296/scopes/0/enable 0
2025.08.19 15:08:12.161   set /dev12296/scopes/0/channels/*/enable 0
2025.08.19 15:08:12.161   get /dev12296/qachannels/0/busy -
2025.08.19 15:08:12.161   get /dev12296/qachannels/0/output/overrangecount -
2025.08.19 15:08:12.161   get /dev12296/qachannels/0/input/overrangecount -
2025.08.19 15:08:12.161   get /dev12296/sgchannels/0/output/overrangecount -
2025.08.19 15:08:12.161   get /dev12296/sgchannels/1/output/overrangecount -
2025.08.19 15:08:12.161   get /dev12296/sgchannels/2/output/overrangecount -
2025.08.19 15:08:12.161   get /dev12296/sgchannels/3/output/overrangecount -
2025.08.19 15:08:12.161   get /dev12296/sgchannels/4/output/overrangecount -
2025.08.19 15:08:12.161   get /dev12296/sgchannels/5/output/overrangecount -
2025.08.19 15:08:12.161   set /dev12296/qachannels/0/output/on 1
2025.08.19 15:08:12.161   set /dev12296/qachannels/0/output/range -30.0
2025.08.19 15:08:12.161   set /dev12296/qachannels/0/generator/single 1
2025.08.19 15:08:12.161   set /dev12296/qachannels/0/input/rflfpath 1
2025.08.19 15:08:12.161   set /dev12296/qachannels/0/input/on 1
2025.08.19 15:08:12.161   set /dev12296/qachannels/0/input/range -40.0
2025.08.19 15:08:12.161   set /dev12296/qachannels/0/oscs/0/freq 0
2025.08.19 15:08:12.161   set /dev12296/system/internaltrigger/enable 0
2025.08.19 15:08:12.161   set /dev12296/system/internaltrigger/repetitions 1
2025.08.19 15:08:12.161   set /dev12296/sgchannels/0/awg/auxtriggers/0/slope 1
2025.08.19 15:08:12.161   set /dev12296/sgchannels/0/awg/auxtriggers/0/channel 8
2025.08.19 15:08:12.161   set /dev12296/qachannels/0/markers/0/source 32
2025.08.19 15:08:12.161   set /dev12296/qachannels/0/markers/1/source 36
2025.08.19 15:08:12.161   set /dev12296/qachannels/0/generator/auxtriggers/0/channel 8
2025.08.19 15:08:12.161   set /dev12296/qachannels/0/centerfreq 7000000000.0
2025.08.19 15:08:12.161   set /dev12296/qachannels/0/oscs/0/gain 0.15
2025.08.19 15:08:12.161   set /dev12296/qachannels/0/spectroscopy/envelope/delay 0.0
2025.08.19 15:08:12.161   set /dev12296/qachannels/0/spectroscopy/delay 2.2e-07
2025.08.19 15:08:12.161   set /dev12296/qachannels/0/mode 0
2025.08.19 15:08:12.161   set /dev12296/qachannels/0/spectroscopy/trigger/channel 36
2025.08.19 15:08:12.161   set /dev12296/qachannels/0/spectroscopy/length 10000
2025.08.19 15:08:12.161   set /dev12296/qachannels/0/readout/result/enable 0
2025.08.19 15:08:12.161   set /dev12296/qachannels/0/spectroscopy/result/length 501
2025.08.19 15:08:12.161   set /dev12296/qachannels/0/spectroscopy/result/averages 4
2025.08.19 15:08:12.161   set /dev12296/qachannels/0/spectroscopy/result/mode 0
2025.08.19 15:08:12.161   set /dev12296/qachannels/0/spectroscopy/psd/enable 0
2025.08.19 15:08:12.161   set /dev12296/qachannels/0/spectroscopy/result/enable 0
2025.08.19 15:08:12.161   set /dev12296/qachannels/0/spectroscopy/result/enable 1
2025.08.19 15:08:12.161   set /dev12296/scopes/0/enable 0
2025.08.19 15:08:12.161   set /dev12296/qachannels/0/generator/elf/data vector (?? B)
2025.08.19 15:08:12.161   set /dev12296/qachannels/0/spectroscopy/envelope/wave <unexpected type>
2025.08.19 15:08:12.161   set /dev12296/qachannels/0/spectroscopy/envelope/enable 1
2025.08.19 15:08:12.161   set /dev12296/qachannels/0/generator/enable 1
2025.08.19 15:08:12.161   set /dev12296/system/internaltrigger/enable 1
2025.08.19 15:08:12.167   set /dev12296/raw/system/awg/runtimechecks/enable 0
2025.08.19 15:08:12.167   set /dev12296/qachannels/0/readout/result/enable 0
2025.08.19 15:08:12.167   get /dev12296/raw/error/json/errors -
2025.08.19 15:08:12.167   get /dev12296/raw/error/json/errors -
2025.08.19 15:08:12.167   set /dev12296/system/internaltrigger/enable 0
2025.08.19 15:08:12.167   set /dev12296/system/internaltrigger/repetitions 1
2025.08.19 15:08:12.167   set /dev12296/sgchannels/0/awg/auxtriggers/0/slope 1
2025.08.19 15:08:12.167   set /dev12296/sgchannels/0/awg/auxtriggers/0/channel 8
2025.08.19 15:08:12.167   set /dev12296/qachannels/0/markers/0/source 32
2025.08.19 15:08:12.168   set /dev12296/qachannels/0/markers/1/source 36
2025.08.19 15:08:12.168   set /dev12296/qachannels/0/generator/auxtriggers/0/channel 8
2025.08.19 15:08:12.168   set /dev12296/qachannels/0/oscs/0/gain 0.375
2025.08.19 15:08:12.168   set /dev12296/qachannels/0/mode 0
2025.08.19 15:08:12.168   set /dev12296/qachannels/0/spectroscopy/trigger/channel 36
2025.08.19 15:08:12.168   set /dev12296/qachannels/0/spectroscopy/length 10000
2025.08.19 15:08:12.168   set /dev12296/qachannels/0/readout/result/enable 0
2025.08.19 15:08:12.168   set /dev12296/qachannels/0/spectroscopy/result/length 501
2025.08.19 15:08:12.168   set /dev12296/qachannels/0/spectroscopy/result/averages 4
2025.08.19 15:08:12.169   set /dev12296/qachannels/0/spectroscopy/result/mode 0
2025.08.19 15:08:12.169   set /dev12296/qachannels/0/spectroscopy/psd/enable 0
2025.08.19 15:08:12.169   set /dev12296/qachannels/0/spectroscopy/result/enable 0
2025.08.19 15:08:12.169   set /dev12296/qachannels/0/spectroscopy/result/enable 1
2025.08.19 15:08:12.169   set /dev12296/scopes/0/enable 0
2025.08.19 15:08:12.169   set /dev12296/qachannels/0/generator/enable 1
2025.08.19 15:08:12.169   set /dev12296/system/internaltrigger/enable 1
2025.08.19 15:08:12.169   set /dev12296/raw/system/awg/runtimechecks/enable 0
2025.08.19 15:08:12.169   set /dev12296/qachannels/0/readout/result/enable 0
2025.08.19 15:08:12.170   get /dev12296/raw/error/json/errors -
2025.08.19 15:08:12.170   get /dev12296/raw/error/json/errors -
2025.08.19 15:08:12.170   set /dev12296/system/internaltrigger/enable 0
2025.08.19 15:08:12.170   set /dev12296/system/internaltrigger/repetitions 1
2025.08.19 15:08:12.170   set /dev12296/sgchannels/0/awg/auxtriggers/0/slope 1
2025.08.19 15:08:12.170   set /dev12296/sgchannels/0/awg/auxtriggers/0/channel 8
2025.08.19 15:08:12.170   set /dev12296/qachannels/0/markers/0/source 32
2025.08.19 15:08:12.170   set /dev12296/qachannels/0/markers/1/source 36
2025.08.19 15:08:12.170   set /dev12296/qachannels/0/generator/auxtriggers/0/channel 8
2025.08.19 15:08:12.170   set /dev12296/qachannels/0/oscs/0/gain 0.6
2025.08.19 15:08:12.170   set /dev12296/qachannels/0/mode 0
2025.08.19 15:08:12.171   set /dev12296/qachannels/0/spectroscopy/trigger/channel 36
2025.08.19 15:08:12.171   set /dev12296/qachannels/0/spectroscopy/length 10000
2025.08.19 15:08:12.171   set /dev12296/qachannels/0/readout/result/enable 0
2025.08.19 15:08:12.171   set /dev12296/qachannels/0/spectroscopy/result/length 501
2025.08.19 15:08:12.171   set /dev12296/qachannels/0/spectroscopy/result/averages 4
2025.08.19 15:08:12.171   set /dev12296/qachannels/0/spectroscopy/result/mode 0
2025.08.19 15:08:12.171   set /dev12296/qachannels/0/spectroscopy/psd/enable 0
2025.08.19 15:08:12.171   set /dev12296/qachannels/0/spectroscopy/result/enable 0
2025.08.19 15:08:12.172   set /dev12296/qachannels/0/spectroscopy/result/enable 1
2025.08.19 15:08:12.172   set /dev12296/scopes/0/enable 0
2025.08.19 15:08:12.172   set /dev12296/qachannels/0/generator/enable 1
2025.08.19 15:08:12.172   set /dev12296/system/internaltrigger/enable 1
2025.08.19 15:08:12.172   set /dev12296/raw/system/awg/runtimechecks/enable 0
2025.08.19 15:08:12.172   set /dev12296/qachannels/0/readout/result/enable 0
2025.08.19 15:08:12.172   get /dev12296/raw/error/json/errors -
2025.08.19 15:08:12.172   get /dev12296/raw/error/json/errors -
2025.08.19 15:08:12.172   set /dev12296/qachannels/*/spectroscopy/envelope/enable 1
2025.08.19 15:09:49.433 Node log from the data server with id 'zi_server':
2025.08.19 15:09:49.433   get /dev12296/raw/system/awg/runtimechecks/enable -
2025.08.19 15:09:49.433   get /dev12296/raw/system/awg/runtimechecks/enable -
2025.08.19 15:09:49.433   get /dev12296/system/clocks/referenceclock/in/freq -
2025.08.19 15:09:49.433   get /dev12296/system/clocks/referenceclock/in/sourceactual -
2025.08.19 15:09:49.433   get /dev12296/system/clocks/referenceclock/in/source -
2025.08.19 15:09:49.433   get /dev12296/system/clocks/referenceclock/in/status -
2025.08.19 15:09:49.433   get /dev12296/system/clocks/referenceclock/in/freq -
2025.08.19 15:09:49.433   get /dev12296/system/clocks/referenceclock/in/sourceactual -
2025.08.19 15:09:49.433   get /dev12296/system/clocks/referenceclock/in/source -
2025.08.19 15:09:49.433   get /dev12296/system/clocks/referenceclock/in/status -
2025.08.19 15:09:49.915 Node log from the data server with id 'zi_server':
2025.08.19 15:09:49.915   set /dev12296/raw/error/clear 1
2025.08.19 15:09:49.915   set /dev12296/sgchannels/*/pipeliner/reset 1
2025.08.19 15:09:49.915   set /dev12296/sgchannels/*/pipeliner/mode 0
2025.08.19 15:09:49.915   set /dev12296/sgchannels/*/synchronization/enable 0
2025.08.19 15:09:49.915   set /dev12296/qachannels/*/pipeliner/reset 1
2025.08.19 15:09:49.915   set /dev12296/qachannels/*/pipeliner/mode 0
2025.08.19 15:09:49.915   set /dev12296/qachannels/*/synchronization/enable 0
2025.08.19 15:09:49.915   set /dev12296/sgchannels/*/awg/enable 0
2025.08.19 15:09:49.915   set /dev12296/qachannels/*/generator/enable 0
2025.08.19 15:09:49.915   set /dev12296/system/synchronization/source 0
2025.08.19 15:09:49.915   set /dev12296/system/internaltrigger/synchronization/enable 0
2025.08.19 15:09:49.915   set /dev12296/qachannels/*/readout/result/enable 0
2025.08.19 15:09:49.915   set /dev12296/qachannels/*/spectroscopy/psd/enable 0
2025.08.19 15:09:49.915   set /dev12296/qachannels/*/spectroscopy/result/enable 0
2025.08.19 15:09:49.915   set /dev12296/qachannels/*/output/rflfinterlock 1
2025.08.19 15:09:49.915   set /dev12296/qachannels/*/oscs/*/gain 1.0
2025.08.19 15:09:49.915   set /dev12296/scopes/0/enable 0
2025.08.19 15:09:49.915   set /dev12296/scopes/0/channels/*/enable 0
2025.08.19 15:09:49.915   get /dev12296/qachannels/0/busy -
2025.08.19 15:09:49.915   get /dev12296/qachannels/0/output/overrangecount -
2025.08.19 15:09:49.915   get /dev12296/qachannels/0/input/overrangecount -
2025.08.19 15:09:49.915   get /dev12296/sgchannels/0/output/overrangecount -
2025.08.19 15:09:49.915   get /dev12296/sgchannels/1/output/overrangecount -
2025.08.19 15:09:49.915   get /dev12296/sgchannels/2/output/overrangecount -
2025.08.19 15:09:49.915   get /dev12296/sgchannels/3/output/overrangecount -
2025.08.19 15:09:49.915   get /dev12296/sgchannels/4/output/overrangecount -
2025.08.19 15:09:49.915   get /dev12296/sgchannels/5/output/overrangecount -
2025.08.19 15:09:49.915   set /dev12296/qachannels/0/output/on 1
2025.08.19 15:09:49.915   set /dev12296/qachannels/0/output/range -30.0
2025.08.19 15:09:49.915   set /dev12296/qachannels/0/generator/single 1
2025.08.19 15:09:49.915   set /dev12296/qachannels/0/input/rflfpath 1
2025.08.19 15:09:49.915   set /dev12296/qachannels/0/input/on 1
2025.08.19 15:09:49.915   set /dev12296/qachannels/0/input/range -40.0
2025.08.19 15:09:49.915   set /dev12296/qachannels/0/oscs/0/freq 0
2025.08.19 15:09:49.915   set /dev12296/system/internaltrigger/enable 0
2025.08.19 15:09:49.915   set /dev12296/system/internaltrigger/repetitions 1
2025.08.19 15:09:49.915   set /dev12296/sgchannels/0/awg/auxtriggers/0/slope 1
2025.08.19 15:09:49.915   set /dev12296/sgchannels/0/awg/auxtriggers/0/channel 8
2025.08.19 15:09:49.915   set /dev12296/qachannels/0/markers/0/source 32
2025.08.19 15:09:49.915   set /dev12296/qachannels/0/markers/1/source 36
2025.08.19 15:09:49.915   set /dev12296/qachannels/0/generator/auxtriggers/0/channel 8
2025.08.19 15:09:49.915   set /dev12296/qachannels/0/centerfreq 7000000000.0
2025.08.19 15:09:49.915   set /dev12296/qachannels/0/oscs/0/gain 0.15
2025.08.19 15:09:49.915   set /dev12296/qachannels/0/spectroscopy/envelope/delay 0.0
2025.08.19 15:09:49.915   set /dev12296/qachannels/0/spectroscopy/delay 2.2e-07
2025.08.19 15:09:49.915   set /dev12296/qachannels/0/mode 0
2025.08.19 15:09:49.915   set /dev12296/qachannels/0/spectroscopy/trigger/channel 36
2025.08.19 15:09:49.915   set /dev12296/qachannels/0/spectroscopy/length 10000
2025.08.19 15:09:49.915   set /dev12296/qachannels/0/readout/result/enable 0
2025.08.19 15:09:49.915   set /dev12296/qachannels/0/spectroscopy/result/length 501
2025.08.19 15:09:49.915   set /dev12296/qachannels/0/spectroscopy/result/averages 4
2025.08.19 15:09:49.915   set /dev12296/qachannels/0/spectroscopy/result/mode 0
2025.08.19 15:09:49.915   set /dev12296/qachannels/0/spectroscopy/psd/enable 0
2025.08.19 15:09:49.915   set /dev12296/qachannels/0/spectroscopy/result/enable 0
2025.08.19 15:09:49.915   set /dev12296/qachannels/0/spectroscopy/result/enable 1
2025.08.19 15:09:49.915   set /dev12296/scopes/0/enable 0
2025.08.19 15:09:49.915   set /dev12296/qachannels/0/generator/elf/data vector (?? B)
2025.08.19 15:09:49.915   set /dev12296/qachannels/0/spectroscopy/envelope/wave <unexpected type>
2025.08.19 15:09:49.915   set /dev12296/qachannels/0/spectroscopy/envelope/enable 1
2025.08.19 15:09:49.915   set /dev12296/qachannels/0/generator/enable 1
2025.08.19 15:09:49.915   set /dev12296/system/internaltrigger/enable 1
2025.08.19 15:09:49.915   set /dev12296/raw/system/awg/runtimechecks/enable 0
2025.08.19 15:09:49.915   set /dev12296/qachannels/0/readout/result/enable 0
2025.08.19 15:09:49.915   get /dev12296/raw/error/json/errors -
2025.08.19 15:09:49.915   get /dev12296/raw/error/json/errors -
2025.08.19 15:09:49.915   set /dev12296/system/internaltrigger/enable 0
2025.08.19 15:09:49.915   set /dev12296/system/internaltrigger/repetitions 1
2025.08.19 15:09:49.915   set /dev12296/sgchannels/0/awg/auxtriggers/0/slope 1
2025.08.19 15:09:49.915   set /dev12296/sgchannels/0/awg/auxtriggers/0/channel 8
2025.08.19 15:09:49.931   set /dev12296/qachannels/0/markers/0/source 32
2025.08.19 15:09:49.931   set /dev12296/qachannels/0/markers/1/source 36
2025.08.19 15:09:49.931   set /dev12296/qachannels/0/generator/auxtriggers/0/channel 8
2025.08.19 15:09:49.931   set /dev12296/qachannels/0/oscs/0/gain 0.6
2025.08.19 15:09:49.931   set /dev12296/qachannels/0/mode 0
2025.08.19 15:09:49.931   set /dev12296/qachannels/0/spectroscopy/trigger/channel 36
2025.08.19 15:09:49.931   set /dev12296/qachannels/0/spectroscopy/length 10000
2025.08.19 15:09:49.931   set /dev12296/qachannels/0/readout/result/enable 0
2025.08.19 15:09:49.931   set /dev12296/qachannels/0/spectroscopy/result/length 501
2025.08.19 15:09:49.932   set /dev12296/qachannels/0/spectroscopy/result/averages 4
2025.08.19 15:09:49.932   set /dev12296/qachannels/0/spectroscopy/result/mode 0
2025.08.19 15:09:49.932   set /dev12296/qachannels/0/spectroscopy/psd/enable 0
2025.08.19 15:09:49.932   set /dev12296/qachannels/0/spectroscopy/result/enable 0
2025.08.19 15:09:49.932   set /dev12296/qachannels/0/spectroscopy/result/enable 1
2025.08.19 15:09:49.932   set /dev12296/scopes/0/enable 0
2025.08.19 15:09:49.932   set /dev12296/qachannels/0/generator/enable 1
2025.08.19 15:09:49.932   set /dev12296/system/internaltrigger/enable 1
2025.08.19 15:09:49.932   set /dev12296/raw/system/awg/runtimechecks/enable 0
2025.08.19 15:09:49.932   set /dev12296/qachannels/0/readout/result/enable 0
2025.08.19 15:09:49.932   get /dev12296/raw/error/json/errors -
2025.08.19 15:09:49.932   get /dev12296/raw/error/json/errors -
2025.08.19 15:09:49.932   set /dev12296/qachannels/*/spectroscopy/envelope/enable 1
2025.08.19 15:12:13.282 Node log from the data server with id 'zi_server':
2025.08.19 15:12:13.282   get /dev12296/raw/system/awg/runtimechecks/enable -
2025.08.19 15:12:13.283   get /dev12296/raw/system/awg/runtimechecks/enable -
2025.08.19 15:12:13.283   get /dev12296/system/clocks/referenceclock/in/freq -
2025.08.19 15:12:13.283   get /dev12296/system/clocks/referenceclock/in/sourceactual -
2025.08.19 15:12:13.283   get /dev12296/system/clocks/referenceclock/in/source -
2025.08.19 15:12:13.283   get /dev12296/system/clocks/referenceclock/in/status -
2025.08.19 15:12:13.283   get /dev12296/system/clocks/referenceclock/in/freq -
2025.08.19 15:12:13.283   get /dev12296/system/clocks/referenceclock/in/sourceactual -
2025.08.19 15:12:13.283   get /dev12296/system/clocks/referenceclock/in/source -
2025.08.19 15:12:13.284   get /dev12296/system/clocks/referenceclock/in/status -
2025.08.19 15:12:37.035 Node log from the data server with id 'zi_server':
2025.08.19 15:12:37.035   get /dev12296/raw/system/awg/runtimechecks/enable -
2025.08.19 15:12:37.035   get /dev12296/raw/system/awg/runtimechecks/enable -
2025.08.19 15:12:37.035   get /dev12296/system/clocks/referenceclock/in/freq -
2025.08.19 15:12:37.035   get /dev12296/system/clocks/referenceclock/in/sourceactual -
2025.08.19 15:12:37.035   get /dev12296/system/clocks/referenceclock/in/source -
2025.08.19 15:12:37.035   get /dev12296/system/clocks/referenceclock/in/status -
2025.08.19 15:12:37.035   get /dev12296/system/clocks/referenceclock/in/freq -
2025.08.19 15:12:37.035   get /dev12296/system/clocks/referenceclock/in/sourceactual -
2025.08.19 15:12:37.035   get /dev12296/system/clocks/referenceclock/in/source -
2025.08.19 15:12:37.035   get /dev12296/system/clocks/referenceclock/in/status -
2025.08.19 15:12:37.401 Node log from the data server with id 'zi_server':
2025.08.19 15:12:37.401   set /dev12296/raw/error/clear 1
2025.08.19 15:12:37.401   set /dev12296/sgchannels/*/pipeliner/reset 1
2025.08.19 15:12:37.401   set /dev12296/sgchannels/*/pipeliner/mode 0
2025.08.19 15:12:37.401   set /dev12296/sgchannels/*/synchronization/enable 0
2025.08.19 15:12:37.401   set /dev12296/qachannels/*/pipeliner/reset 1
2025.08.19 15:12:37.401   set /dev12296/qachannels/*/pipeliner/mode 0
2025.08.19 15:12:37.401   set /dev12296/qachannels/*/synchronization/enable 0
2025.08.19 15:12:37.401   set /dev12296/sgchannels/*/awg/enable 0
2025.08.19 15:12:37.401   set /dev12296/qachannels/*/generator/enable 0
2025.08.19 15:12:37.401   set /dev12296/system/synchronization/source 0
2025.08.19 15:12:37.401   set /dev12296/system/internaltrigger/synchronization/enable 0
2025.08.19 15:12:37.401   set /dev12296/qachannels/*/readout/result/enable 0
2025.08.19 15:12:37.401   set /dev12296/qachannels/*/spectroscopy/psd/enable 0
2025.08.19 15:12:37.401   set /dev12296/qachannels/*/spectroscopy/result/enable 0
2025.08.19 15:12:37.401   set /dev12296/qachannels/*/output/rflfinterlock 1
2025.08.19 15:12:37.401   set /dev12296/qachannels/*/oscs/*/gain 1.0
2025.08.19 15:12:37.401   set /dev12296/scopes/0/enable 0
2025.08.19 15:12:37.401   set /dev12296/scopes/0/channels/*/enable 0
2025.08.19 15:12:37.401   get /dev12296/qachannels/0/busy -
2025.08.19 15:12:37.401   get /dev12296/qachannels/0/output/overrangecount -
2025.08.19 15:12:37.401   get /dev12296/qachannels/0/input/overrangecount -
2025.08.19 15:12:37.401   get /dev12296/sgchannels/0/output/overrangecount -
2025.08.19 15:12:37.401   get /dev12296/sgchannels/1/output/overrangecount -
2025.08.19 15:12:37.401   get /dev12296/sgchannels/2/output/overrangecount -
2025.08.19 15:12:37.401   get /dev12296/sgchannels/3/output/overrangecount -
2025.08.19 15:12:37.401   get /dev12296/sgchannels/4/output/overrangecount -
2025.08.19 15:12:37.401   get /dev12296/sgchannels/5/output/overrangecount -
2025.08.19 15:12:37.401   set /dev12296/qachannels/0/output/on 1
2025.08.19 15:12:37.401   set /dev12296/qachannels/0/output/range -30.0
2025.08.19 15:12:37.401   set /dev12296/qachannels/0/generator/single 1
2025.08.19 15:12:37.401   set /dev12296/qachannels/0/input/rflfpath 1
2025.08.19 15:12:37.401   set /dev12296/qachannels/0/input/on 1
2025.08.19 15:12:37.401   set /dev12296/qachannels/0/input/range -40.0
2025.08.19 15:12:37.401   set /dev12296/qachannels/0/oscs/0/freq 0
2025.08.19 15:12:37.401   set /dev12296/system/internaltrigger/enable 0
2025.08.19 15:12:37.401   set /dev12296/system/internaltrigger/repetitions 1
2025.08.19 15:12:37.401   set /dev12296/sgchannels/0/awg/auxtriggers/0/slope 1
2025.08.19 15:12:37.401   set /dev12296/sgchannels/0/awg/auxtriggers/0/channel 8
2025.08.19 15:12:37.401   set /dev12296/qachannels/0/markers/0/source 32
2025.08.19 15:12:37.401   set /dev12296/qachannels/0/markers/1/source 36
2025.08.19 15:12:37.401   set /dev12296/qachannels/0/generator/auxtriggers/0/channel 8
2025.08.19 15:12:37.401   set /dev12296/qachannels/0/centerfreq 7000000000.0
2025.08.19 15:12:37.401   set /dev12296/qachannels/0/oscs/0/gain 0.15
2025.08.19 15:12:37.401   set /dev12296/qachannels/0/spectroscopy/envelope/delay 0.0
2025.08.19 15:12:37.401   set /dev12296/qachannels/0/spectroscopy/delay 2.2e-07
2025.08.19 15:12:37.401   set /dev12296/qachannels/0/mode 0
2025.08.19 15:12:37.401   set /dev12296/qachannels/0/spectroscopy/trigger/channel 36
2025.08.19 15:12:37.401   set /dev12296/qachannels/0/spectroscopy/length 10000
2025.08.19 15:12:37.401   set /dev12296/qachannels/0/readout/result/enable 0
2025.08.19 15:12:37.401   set /dev12296/qachannels/0/spectroscopy/result/length 501
2025.08.19 15:12:37.401   set /dev12296/qachannels/0/spectroscopy/result/averages 4
2025.08.19 15:12:37.401   set /dev12296/qachannels/0/spectroscopy/result/mode 0
2025.08.19 15:12:37.401   set /dev12296/qachannels/0/spectroscopy/psd/enable 0
2025.08.19 15:12:37.401   set /dev12296/qachannels/0/spectroscopy/result/enable 0
2025.08.19 15:12:37.401   set /dev12296/qachannels/0/spectroscopy/result/enable 1
2025.08.19 15:12:37.401   set /dev12296/scopes/0/enable 0
2025.08.19 15:12:37.401   set /dev12296/qachannels/0/generator/elf/data vector (?? B)
2025.08.19 15:12:37.401   set /dev12296/qachannels/0/spectroscopy/envelope/wave <unexpected type>
2025.08.19 15:12:37.414   set /dev12296/qachannels/0/spectroscopy/envelope/enable 1
2025.08.19 15:12:37.414   set /dev12296/qachannels/0/generator/enable 1
2025.08.19 15:12:37.414   set /dev12296/system/internaltrigger/enable 1
2025.08.19 15:12:37.414   set /dev12296/raw/system/awg/runtimechecks/enable 0
2025.08.19 15:12:37.414   set /dev12296/qachannels/0/readout/result/enable 0
2025.08.19 15:12:37.414   get /dev12296/raw/error/json/errors -
2025.08.19 15:12:37.414   get /dev12296/raw/error/json/errors -
2025.08.19 15:12:37.414   set /dev12296/system/internaltrigger/enable 0
2025.08.19 15:12:37.414   set /dev12296/system/internaltrigger/repetitions 1
2025.08.19 15:12:37.415   set /dev12296/sgchannels/0/awg/auxtriggers/0/slope 1
2025.08.19 15:12:37.415   set /dev12296/sgchannels/0/awg/auxtriggers/0/channel 8
2025.08.19 15:12:37.415   set /dev12296/qachannels/0/markers/0/source 32
2025.08.19 15:12:37.415   set /dev12296/qachannels/0/markers/1/source 36
2025.08.19 15:12:37.415   set /dev12296/qachannels/0/generator/auxtriggers/0/channel 8
2025.08.19 15:12:37.415   set /dev12296/qachannels/0/oscs/0/gain 0.6
2025.08.19 15:12:37.416   set /dev12296/qachannels/0/mode 0
2025.08.19 15:12:37.416   set /dev12296/qachannels/0/spectroscopy/trigger/channel 36
2025.08.19 15:12:37.416   set /dev12296/qachannels/0/spectroscopy/length 10000
2025.08.19 15:12:37.416   set /dev12296/qachannels/0/readout/result/enable 0
2025.08.19 15:12:37.416   set /dev12296/qachannels/0/spectroscopy/result/length 501
2025.08.19 15:12:37.416   set /dev12296/qachannels/0/spectroscopy/result/averages 4
2025.08.19 15:12:37.416   set /dev12296/qachannels/0/spectroscopy/result/mode 0
2025.08.19 15:12:37.416   set /dev12296/qachannels/0/spectroscopy/psd/enable 0
2025.08.19 15:12:37.416   set /dev12296/qachannels/0/spectroscopy/result/enable 0
2025.08.19 15:12:37.417   set /dev12296/qachannels/0/spectroscopy/result/enable 1
2025.08.19 15:12:37.417   set /dev12296/scopes/0/enable 0
2025.08.19 15:12:37.417   set /dev12296/qachannels/0/generator/enable 1
2025.08.19 15:12:37.417   set /dev12296/system/internaltrigger/enable 1
2025.08.19 15:12:37.417   set /dev12296/raw/system/awg/runtimechecks/enable 0
2025.08.19 15:12:37.417   set /dev12296/qachannels/0/readout/result/enable 0
2025.08.19 15:12:37.417   get /dev12296/raw/error/json/errors -
2025.08.19 15:12:37.417   get /dev12296/raw/error/json/errors -
2025.08.19 15:12:37.417   set /dev12296/qachannels/*/spectroscopy/envelope/enable 1
2025.08.19 15:14:30.120 Node log from the data server with id 'zi_server':
2025.08.19 15:14:30.120   get /dev12296/raw/system/awg/runtimechecks/enable -
2025.08.19 15:14:30.120   get /dev12296/raw/system/awg/runtimechecks/enable -
2025.08.19 15:14:30.120   get /dev12296/system/clocks/referenceclock/in/freq -
2025.08.19 15:14:30.120   get /dev12296/system/clocks/referenceclock/in/sourceactual -
2025.08.19 15:14:30.120   get /dev12296/system/clocks/referenceclock/in/source -
2025.08.19 15:14:30.120   get /dev12296/system/clocks/referenceclock/in/status -
2025.08.19 15:14:30.120   get /dev12296/system/clocks/referenceclock/in/freq -
2025.08.19 15:14:30.120   get /dev12296/system/clocks/referenceclock/in/sourceactual -
2025.08.19 15:14:30.124   get /dev12296/system/clocks/referenceclock/in/source -
2025.08.19 15:14:30.124   get /dev12296/system/clocks/referenceclock/in/status -
2025.08.19 15:15:42.035 Node log from the data server with id 'zi_server':
2025.08.19 15:15:42.035   get /dev12296/raw/system/awg/runtimechecks/enable -
2025.08.19 15:15:42.035   get /dev12296/raw/system/awg/runtimechecks/enable -
2025.08.19 15:15:42.035   get /dev12296/system/clocks/referenceclock/in/freq -
2025.08.19 15:15:42.035   get /dev12296/system/clocks/referenceclock/in/sourceactual -
2025.08.19 15:15:42.035   get /dev12296/system/clocks/referenceclock/in/source -
2025.08.19 15:15:42.035   get /dev12296/system/clocks/referenceclock/in/status -
2025.08.19 15:15:42.035   get /dev12296/system/clocks/referenceclock/in/freq -
2025.08.19 15:15:42.035   get /dev12296/system/clocks/referenceclock/in/sourceactual -
2025.08.19 15:15:42.035   get /dev12296/system/clocks/referenceclock/in/source -
2025.08.19 15:15:42.035   get /dev12296/system/clocks/referenceclock/in/status -
2025.08.19 15:16:20.306 Node log from the data server with id 'zi_server':
2025.08.19 15:16:20.310   get /dev12296/raw/system/awg/runtimechecks/enable -
2025.08.19 15:16:20.310   get /dev12296/raw/system/awg/runtimechecks/enable -
2025.08.19 15:16:20.310   get /dev12296/system/clocks/referenceclock/in/freq -
2025.08.19 15:16:20.310   get /dev12296/system/clocks/referenceclock/in/sourceactual -
2025.08.19 15:16:20.310   get /dev12296/system/clocks/referenceclock/in/source -
2025.08.19 15:16:20.310   get /dev12296/system/clocks/referenceclock/in/status -
2025.08.19 15:16:20.311   get /dev12296/system/clocks/referenceclock/in/freq -
2025.08.19 15:16:20.311   get /dev12296/system/clocks/referenceclock/in/sourceactual -
2025.08.19 15:16:20.311   get /dev12296/system/clocks/referenceclock/in/source -
2025.08.19 15:16:20.311   get /dev12296/system/clocks/referenceclock/in/status -
2025.08.19 15:16:52.591 Node log from the data server with id 'zi_server':
2025.08.19 15:16:52.591   get /dev12296/raw/system/awg/runtimechecks/enable -
2025.08.19 15:16:52.591   get /dev12296/raw/system/awg/runtimechecks/enable -
2025.08.19 15:16:52.591   get /dev12296/system/clocks/referenceclock/in/freq -
2025.08.19 15:16:52.591   get /dev12296/system/clocks/referenceclock/in/sourceactual -
2025.08.19 15:16:52.591   get /dev12296/system/clocks/referenceclock/in/source -
2025.08.19 15:16:52.591   get /dev12296/system/clocks/referenceclock/in/status -
2025.08.19 15:16:52.591   get /dev12296/system/clocks/referenceclock/in/freq -
2025.08.19 15:16:52.591   get /dev12296/system/clocks/referenceclock/in/sourceactual -
2025.08.19 15:16:52.591   get /dev12296/system/clocks/referenceclock/in/source -
2025.08.19 15:16:52.591   get /dev12296/system/clocks/referenceclock/in/status -
2025.08.19 15:16:53.219 Node log from the data server with id 'zi_server':
2025.08.19 15:16:53.219   set /dev12296/raw/error/clear 1
2025.08.19 15:16:53.219   set /dev12296/sgchannels/*/pipeliner/reset 1
2025.08.19 15:16:53.219   set /dev12296/sgchannels/*/pipeliner/mode 0
2025.08.19 15:16:53.219   set /dev12296/sgchannels/*/synchronization/enable 0
2025.08.19 15:16:53.219   set /dev12296/qachannels/*/pipeliner/reset 1
2025.08.19 15:16:53.219   set /dev12296/qachannels/*/pipeliner/mode 0
2025.08.19 15:16:53.219   set /dev12296/qachannels/*/synchronization/enable 0
2025.08.19 15:16:53.219   set /dev12296/sgchannels/*/awg/enable 0
2025.08.19 15:16:53.219   set /dev12296/qachannels/*/generator/enable 0
2025.08.19 15:16:53.219   set /dev12296/system/synchronization/source 0
2025.08.19 15:16:53.219   set /dev12296/system/internaltrigger/synchronization/enable 0
2025.08.19 15:16:53.219   set /dev12296/qachannels/*/readout/result/enable 0
2025.08.19 15:16:53.219   set /dev12296/qachannels/*/spectroscopy/psd/enable 0
2025.08.19 15:16:53.219   set /dev12296/qachannels/*/spectroscopy/result/enable 0
2025.08.19 15:16:53.219   set /dev12296/qachannels/*/output/rflfinterlock 1
2025.08.19 15:16:53.219   set /dev12296/qachannels/*/oscs/*/gain 1.0
2025.08.19 15:16:53.219   set /dev12296/scopes/0/enable 0
2025.08.19 15:16:53.219   set /dev12296/scopes/0/channels/*/enable 0
2025.08.19 15:16:53.219   get /dev12296/qachannels/0/busy -
2025.08.19 15:16:53.219   get /dev12296/qachannels/0/output/overrangecount -
2025.08.19 15:16:53.219   get /dev12296/qachannels/0/input/overrangecount -
2025.08.19 15:16:53.219   get /dev12296/sgchannels/0/output/overrangecount -
2025.08.19 15:16:53.219   get /dev12296/sgchannels/1/output/overrangecount -
2025.08.19 15:16:53.219   get /dev12296/sgchannels/2/output/overrangecount -
2025.08.19 15:16:53.219   get /dev12296/sgchannels/3/output/overrangecount -
2025.08.19 15:16:53.219   get /dev12296/sgchannels/4/output/overrangecount -
2025.08.19 15:16:53.219   get /dev12296/sgchannels/5/output/overrangecount -
2025.08.19 15:16:53.219   set /dev12296/qachannels/0/output/on 1
2025.08.19 15:16:53.219   set /dev12296/qachannels/0/output/range -30.0
2025.08.19 15:16:53.219   set /dev12296/qachannels/0/generator/single 1
2025.08.19 15:16:53.219   set /dev12296/qachannels/0/input/rflfpath 1
2025.08.19 15:16:53.219   set /dev12296/qachannels/0/input/on 1
2025.08.19 15:16:53.219   set /dev12296/qachannels/0/input/range -40.0
2025.08.19 15:16:53.219   set /dev12296/qachannels/0/oscs/0/freq 0
2025.08.19 15:16:53.234   set /dev12296/system/internaltrigger/enable 0
2025.08.19 15:16:53.234   set /dev12296/system/internaltrigger/repetitions 1
2025.08.19 15:16:53.234   set /dev12296/sgchannels/0/awg/auxtriggers/0/slope 1
2025.08.19 15:16:53.234   set /dev12296/sgchannels/0/awg/auxtriggers/0/channel 8
2025.08.19 15:16:53.234   set /dev12296/qachannels/0/markers/0/source 32
2025.08.19 15:16:53.234   set /dev12296/qachannels/0/markers/1/source 36
2025.08.19 15:16:53.234   set /dev12296/qachannels/0/generator/auxtriggers/0/channel 8
2025.08.19 15:16:53.235   set /dev12296/qachannels/0/centerfreq 7000000000.0
2025.08.19 15:16:53.235   set /dev12296/qachannels/0/oscs/0/gain 0.15
2025.08.19 15:16:53.235   set /dev12296/qachannels/0/spectroscopy/envelope/delay 0.0
2025.08.19 15:16:53.235   set /dev12296/qachannels/0/spectroscopy/delay 2.2e-07
2025.08.19 15:16:53.235   set /dev12296/qachannels/0/mode 0
2025.08.19 15:16:53.235   set /dev12296/qachannels/0/spectroscopy/trigger/channel 36
2025.08.19 15:16:53.235   set /dev12296/qachannels/0/spectroscopy/length 10000
2025.08.19 15:16:53.235   set /dev12296/qachannels/0/readout/result/enable 0
2025.08.19 15:16:53.236   set /dev12296/qachannels/0/spectroscopy/result/length 501
2025.08.19 15:16:53.236   set /dev12296/qachannels/0/spectroscopy/result/averages 4
2025.08.19 15:16:53.236   set /dev12296/qachannels/0/spectroscopy/result/mode 0
2025.08.19 15:16:53.236   set /dev12296/qachannels/0/spectroscopy/psd/enable 0
2025.08.19 15:16:53.236   set /dev12296/qachannels/0/spectroscopy/result/enable 0
2025.08.19 15:16:53.236   set /dev12296/qachannels/0/spectroscopy/result/enable 1
2025.08.19 15:16:53.236   set /dev12296/scopes/0/enable 0
2025.08.19 15:16:53.236   set /dev12296/qachannels/0/generator/elf/data vector (?? B)
2025.08.19 15:16:53.237   set /dev12296/qachannels/0/spectroscopy/envelope/wave <unexpected type>
2025.08.19 15:16:53.237   set /dev12296/qachannels/0/spectroscopy/envelope/enable 1
2025.08.19 15:16:53.237   set /dev12296/qachannels/0/generator/enable 1
2025.08.19 15:16:53.237   set /dev12296/system/internaltrigger/enable 1
2025.08.19 15:16:53.237   set /dev12296/raw/system/awg/runtimechecks/enable 0
2025.08.19 15:16:53.237   set /dev12296/qachannels/0/readout/result/enable 0
2025.08.19 15:16:53.237   get /dev12296/raw/error/json/errors -
2025.08.19 15:16:53.237   get /dev12296/raw/error/json/errors -
2025.08.19 15:16:53.238   set /dev12296/system/internaltrigger/enable 0
2025.08.19 15:16:53.238   set /dev12296/system/internaltrigger/repetitions 1
2025.08.19 15:16:53.238   set /dev12296/sgchannels/0/awg/auxtriggers/0/slope 1
2025.08.19 15:16:53.238   set /dev12296/sgchannels/0/awg/auxtriggers/0/channel 8
2025.08.19 15:16:53.238   set /dev12296/qachannels/0/markers/0/source 32
2025.08.19 15:16:53.238   set /dev12296/qachannels/0/markers/1/source 36
2025.08.19 15:16:53.238   set /dev12296/qachannels/0/generator/auxtriggers/0/channel 8
2025.08.19 15:16:53.238   set /dev12296/qachannels/0/oscs/0/gain 0.6
2025.08.19 15:16:53.238   set /dev12296/qachannels/0/mode 0
2025.08.19 15:16:53.239   set /dev12296/qachannels/0/spectroscopy/trigger/channel 36
2025.08.19 15:16:53.239   set /dev12296/qachannels/0/spectroscopy/length 10000
2025.08.19 15:16:53.239   set /dev12296/qachannels/0/readout/result/enable 0
2025.08.19 15:16:53.239   set /dev12296/qachannels/0/spectroscopy/result/length 501
2025.08.19 15:16:53.239   set /dev12296/qachannels/0/spectroscopy/result/averages 4
2025.08.19 15:16:53.239   set /dev12296/qachannels/0/spectroscopy/result/mode 0
2025.08.19 15:16:53.239   set /dev12296/qachannels/0/spectroscopy/psd/enable 0
2025.08.19 15:16:53.239   set /dev12296/qachannels/0/spectroscopy/result/enable 0
2025.08.19 15:16:53.240   set /dev12296/qachannels/0/spectroscopy/result/enable 1
2025.08.19 15:16:53.240   set /dev12296/scopes/0/enable 0
2025.08.19 15:16:53.240   set /dev12296/qachannels/0/generator/enable 1
2025.08.19 15:16:53.240   set /dev12296/system/internaltrigger/enable 1
2025.08.19 15:16:53.240   set /dev12296/raw/system/awg/runtimechecks/enable 0
2025.08.19 15:16:53.240   set /dev12296/qachannels/0/readout/result/enable 0
2025.08.19 15:16:53.240   get /dev12296/raw/error/json/errors -
2025.08.19 15:16:53.240   get /dev12296/raw/error/json/errors -
2025.08.19 15:16:53.240   set /dev12296/qachannels/*/spectroscopy/envelope/enable 1
2025.08.19 15:17:00.951 Node log from the data server with id 'zi_server':
2025.08.19 15:17:00.952   get /dev12296/raw/system/awg/runtimechecks/enable -
2025.08.19 15:17:00.952   get /dev12296/raw/system/awg/runtimechecks/enable -
2025.08.19 15:17:00.952   get /dev12296/system/clocks/referenceclock/in/freq -
2025.08.19 15:17:00.952   get /dev12296/system/clocks/referenceclock/in/sourceactual -
2025.08.19 15:17:00.952   get /dev12296/system/clocks/referenceclock/in/source -
2025.08.19 15:17:00.952   get /dev12296/system/clocks/referenceclock/in/status -
2025.08.19 15:17:00.952   get /dev12296/system/clocks/referenceclock/in/freq -
2025.08.19 15:17:00.952   get /dev12296/system/clocks/referenceclock/in/sourceactual -
2025.08.19 15:17:00.952   get /dev12296/system/clocks/referenceclock/in/source -
2025.08.19 15:17:00.952   get /dev12296/system/clocks/referenceclock/in/status -
2025.08.19 15:17:01.332 Node log from the data server with id 'zi_server':
2025.08.19 15:17:01.332   set /dev12296/raw/error/clear 1
2025.08.19 15:17:01.332   set /dev12296/sgchannels/*/pipeliner/reset 1
2025.08.19 15:17:01.332   set /dev12296/sgchannels/*/pipeliner/mode 0
2025.08.19 15:17:01.332   set /dev12296/sgchannels/*/synchronization/enable 0
2025.08.19 15:17:01.332   set /dev12296/qachannels/*/pipeliner/reset 1
2025.08.19 15:17:01.332   set /dev12296/qachannels/*/pipeliner/mode 0
2025.08.19 15:17:01.332   set /dev12296/qachannels/*/synchronization/enable 0
2025.08.19 15:17:01.332   set /dev12296/sgchannels/*/awg/enable 0
2025.08.19 15:17:01.332   set /dev12296/qachannels/*/generator/enable 0
2025.08.19 15:17:01.332   set /dev12296/system/synchronization/source 0
2025.08.19 15:17:01.332   set /dev12296/system/internaltrigger/synchronization/enable 0
2025.08.19 15:17:01.332   set /dev12296/qachannels/*/readout/result/enable 0
2025.08.19 15:17:01.332   set /dev12296/qachannels/*/spectroscopy/psd/enable 0
2025.08.19 15:17:01.332   set /dev12296/qachannels/*/spectroscopy/result/enable 0
2025.08.19 15:17:01.332   set /dev12296/qachannels/*/output/rflfinterlock 1
2025.08.19 15:17:01.332   set /dev12296/qachannels/*/oscs/*/gain 1.0
2025.08.19 15:17:01.343   set /dev12296/scopes/0/enable 0
2025.08.19 15:17:01.343   set /dev12296/scopes/0/channels/*/enable 0
2025.08.19 15:17:01.343   get /dev12296/qachannels/0/busy -
2025.08.19 15:17:01.343   get /dev12296/qachannels/0/output/overrangecount -
2025.08.19 15:17:01.344   get /dev12296/qachannels/0/input/overrangecount -
2025.08.19 15:17:01.344   get /dev12296/sgchannels/0/output/overrangecount -
2025.08.19 15:17:01.344   get /dev12296/sgchannels/1/output/overrangecount -
2025.08.19 15:17:01.344   get /dev12296/sgchannels/2/output/overrangecount -
2025.08.19 15:17:01.344   get /dev12296/sgchannels/3/output/overrangecount -
2025.08.19 15:17:01.344   get /dev12296/sgchannels/4/output/overrangecount -
2025.08.19 15:17:01.345   get /dev12296/sgchannels/5/output/overrangecount -
2025.08.19 15:17:01.345   set /dev12296/qachannels/0/output/on 1
2025.08.19 15:17:01.345   set /dev12296/qachannels/0/output/range -30.0
2025.08.19 15:17:01.345   set /dev12296/qachannels/0/generator/single 1
2025.08.19 15:17:01.345   set /dev12296/qachannels/0/input/rflfpath 1
2025.08.19 15:17:01.345   set /dev12296/qachannels/0/input/on 1
2025.08.19 15:17:01.345   set /dev12296/qachannels/0/input/range -40.0
2025.08.19 15:17:01.345   set /dev12296/qachannels/0/oscs/0/freq 0
2025.08.19 15:17:01.345   set /dev12296/system/internaltrigger/enable 0
2025.08.19 15:17:01.346   set /dev12296/system/internaltrigger/repetitions 1
2025.08.19 15:17:01.346   set /dev12296/sgchannels/0/awg/auxtriggers/0/slope 1
2025.08.19 15:17:01.346   set /dev12296/sgchannels/0/awg/auxtriggers/0/channel 8
2025.08.19 15:17:01.346   set /dev12296/qachannels/0/markers/0/source 32
2025.08.19 15:17:01.346   set /dev12296/qachannels/0/markers/1/source 36
2025.08.19 15:17:01.346   set /dev12296/qachannels/0/generator/auxtriggers/0/channel 8
2025.08.19 15:17:01.346   set /dev12296/qachannels/0/centerfreq 7000000000.0
2025.08.19 15:17:01.346   set /dev12296/qachannels/0/oscs/0/gain 0.15
2025.08.19 15:17:01.347   set /dev12296/qachannels/0/spectroscopy/envelope/delay 0.0
2025.08.19 15:17:01.347   set /dev12296/qachannels/0/spectroscopy/delay 2.2e-07
2025.08.19 15:17:01.347   set /dev12296/qachannels/0/mode 0
2025.08.19 15:17:01.347   set /dev12296/qachannels/0/spectroscopy/trigger/channel 36
2025.08.19 15:17:01.347   set /dev12296/qachannels/0/spectroscopy/length 10000
2025.08.19 15:17:01.347   set /dev12296/qachannels/0/readout/result/enable 0
2025.08.19 15:17:01.347   set /dev12296/qachannels/0/spectroscopy/result/length 501
2025.08.19 15:17:01.348   set /dev12296/qachannels/0/spectroscopy/result/averages 4
2025.08.19 15:17:01.348   set /dev12296/qachannels/0/spectroscopy/result/mode 0
2025.08.19 15:17:01.348   set /dev12296/qachannels/0/spectroscopy/psd/enable 0
2025.08.19 15:17:01.348   set /dev12296/qachannels/0/spectroscopy/result/enable 0
2025.08.19 15:17:01.348   set /dev12296/qachannels/0/spectroscopy/result/enable 1
2025.08.19 15:17:01.348   set /dev12296/scopes/0/enable 0
2025.08.19 15:17:01.348   set /dev12296/qachannels/0/generator/elf/data vector (?? B)
2025.08.19 15:17:01.348   set /dev12296/qachannels/0/spectroscopy/envelope/wave <unexpected type>
2025.08.19 15:17:01.348   set /dev12296/qachannels/0/spectroscopy/envelope/enable 1
2025.08.19 15:17:01.348   set /dev12296/qachannels/0/generator/enable 1
2025.08.19 15:17:01.348   set /dev12296/system/internaltrigger/enable 1
2025.08.19 15:17:01.348   set /dev12296/raw/system/awg/runtimechecks/enable 0
2025.08.19 15:17:01.348   set /dev12296/qachannels/0/readout/result/enable 0
2025.08.19 15:17:01.348   get /dev12296/raw/error/json/errors -
2025.08.19 15:17:01.348   get /dev12296/raw/error/json/errors -
2025.08.19 15:17:01.348   set /dev12296/system/internaltrigger/enable 0
2025.08.19 15:17:01.348   set /dev12296/system/internaltrigger/repetitions 1
2025.08.19 15:17:01.348   set /dev12296/sgchannels/0/awg/auxtriggers/0/slope 1
2025.08.19 15:17:01.348   set /dev12296/sgchannels/0/awg/auxtriggers/0/channel 8
2025.08.19 15:17:01.348   set /dev12296/qachannels/0/markers/0/source 32
2025.08.19 15:17:01.348   set /dev12296/qachannels/0/markers/1/source 36
2025.08.19 15:17:01.348   set /dev12296/qachannels/0/generator/auxtriggers/0/channel 8
2025.08.19 15:17:01.348   set /dev12296/qachannels/0/oscs/0/gain 0.6
2025.08.19 15:17:01.348   set /dev12296/qachannels/0/mode 0
2025.08.19 15:17:01.348   set /dev12296/qachannels/0/spectroscopy/trigger/channel 36
2025.08.19 15:17:01.348   set /dev12296/qachannels/0/spectroscopy/length 10000
2025.08.19 15:17:01.348   set /dev12296/qachannels/0/readout/result/enable 0
2025.08.19 15:17:01.348   set /dev12296/qachannels/0/spectroscopy/result/length 501
2025.08.19 15:17:01.348   set /dev12296/qachannels/0/spectroscopy/result/averages 4
2025.08.19 15:17:01.348   set /dev12296/qachannels/0/spectroscopy/result/mode 0
2025.08.19 15:17:01.348   set /dev12296/qachannels/0/spectroscopy/psd/enable 0
2025.08.19 15:17:01.348   set /dev12296/qachannels/0/spectroscopy/result/enable 0
2025.08.19 15:17:01.348   set /dev12296/qachannels/0/spectroscopy/result/enable 1
2025.08.19 15:17:01.348   set /dev12296/scopes/0/enable 0
2025.08.19 15:17:01.348   set /dev12296/qachannels/0/generator/enable 1
2025.08.19 15:17:01.348   set /dev12296/system/internaltrigger/enable 1
2025.08.19 15:17:01.348   set /dev12296/raw/system/awg/runtimechecks/enable 0
2025.08.19 15:17:01.348   set /dev12296/qachannels/0/readout/result/enable 0
2025.08.19 15:17:01.348   get /dev12296/raw/error/json/errors -
2025.08.19 15:17:01.348   get /dev12296/raw/error/json/errors -
2025.08.19 15:17:01.348   set /dev12296/qachannels/*/spectroscopy/envelope/enable 1
2025.08.19 15:20:18.310 Node log from the data server with id 'zi_server':
2025.08.19 15:20:18.311   get /dev12296/raw/system/awg/runtimechecks/enable -
2025.08.19 15:20:18.311   get /dev12296/raw/system/awg/runtimechecks/enable -
2025.08.19 15:20:18.312   get /dev12296/system/clocks/referenceclock/in/freq -
2025.08.19 15:20:18.312   get /dev12296/system/clocks/referenceclock/in/sourceactual -
2025.08.19 15:20:18.312   get /dev12296/system/clocks/referenceclock/in/source -
2025.08.19 15:20:18.312   get /dev12296/system/clocks/referenceclock/in/status -
2025.08.19 15:20:18.312   get /dev12296/system/clocks/referenceclock/in/freq -
2025.08.19 15:20:18.312   get /dev12296/system/clocks/referenceclock/in/sourceactual -
2025.08.19 15:20:18.312   get /dev12296/system/clocks/referenceclock/in/source -
2025.08.19 15:20:18.312   get /dev12296/system/clocks/referenceclock/in/status -
2025.08.19 15:21:42.040 Node log from the data server with id 'zi_server':
2025.08.19 15:21:42.040   get /dev12296/raw/system/awg/runtimechecks/enable -
2025.08.19 15:21:42.040   get /dev12296/raw/system/awg/runtimechecks/enable -
2025.08.19 15:21:42.040   get /dev12296/system/clocks/referenceclock/in/freq -
2025.08.19 15:21:42.040   get /dev12296/system/clocks/referenceclock/in/sourceactual -
2025.08.19 15:21:42.040   get /dev12296/system/clocks/referenceclock/in/source -
2025.08.19 15:21:42.040   get /dev12296/system/clocks/referenceclock/in/status -
2025.08.19 15:21:42.047   get /dev12296/system/clocks/referenceclock/in/freq -
2025.08.19 15:21:42.047   get /dev12296/system/clocks/referenceclock/in/sourceactual -
2025.08.19 15:21:42.047   get /dev12296/system/clocks/referenceclock/in/source -
2025.08.19 15:21:42.048   get /dev12296/system/clocks/referenceclock/in/status -
2025.08.19 15:23:42.163 Node log from the data server with id 'zi_server':
2025.08.19 15:23:42.163   get /dev12296/raw/system/awg/runtimechecks/enable -
2025.08.19 15:23:42.163   get /dev12296/raw/system/awg/runtimechecks/enable -
2025.08.19 15:23:42.163   get /dev12296/system/clocks/referenceclock/in/freq -
2025.08.19 15:23:42.174   get /dev12296/system/clocks/referenceclock/in/sourceactual -
2025.08.19 15:23:42.174   get /dev12296/system/clocks/referenceclock/in/source -
2025.08.19 15:23:42.174   get /dev12296/system/clocks/referenceclock/in/status -
2025.08.19 15:23:42.175   get /dev12296/system/clocks/referenceclock/in/freq -
2025.08.19 15:23:42.175   get /dev12296/system/clocks/referenceclock/in/sourceactual -
2025.08.19 15:23:42.175   get /dev12296/system/clocks/referenceclock/in/source -
2025.08.19 15:23:42.175   get /dev12296/system/clocks/referenceclock/in/status -
2025.08.19 15:24:21.732 Node log from the data server with id 'zi_server':
2025.08.19 15:24:21.732   get /dev12296/raw/system/awg/runtimechecks/enable -
2025.08.19 15:24:21.732   get /dev12296/raw/system/awg/runtimechecks/enable -
2025.08.19 15:24:21.732   get /dev12296/system/clocks/referenceclock/in/freq -
2025.08.19 15:24:21.732   get /dev12296/system/clocks/referenceclock/in/sourceactual -
2025.08.19 15:24:21.732   get /dev12296/system/clocks/referenceclock/in/source -
2025.08.19 15:24:21.732   get /dev12296/system/clocks/referenceclock/in/status -
2025.08.19 15:24:21.732   get /dev12296/system/clocks/referenceclock/in/freq -
2025.08.19 15:24:21.732   get /dev12296/system/clocks/referenceclock/in/sourceactual -
2025.08.19 15:24:21.732   get /dev12296/system/clocks/referenceclock/in/source -
2025.08.19 15:24:21.732   get /dev12296/system/clocks/referenceclock/in/status -
2025.08.19 15:27:47.049 Node log from the data server with id 'zi_server':
2025.08.19 15:27:47.049   get /dev12296/raw/system/awg/runtimechecks/enable -
2025.08.19 15:27:47.049   get /dev12296/raw/system/awg/runtimechecks/enable -
2025.08.19 15:27:47.049   get /dev12296/system/clocks/referenceclock/in/freq -
2025.08.19 15:27:47.053   get /dev12296/system/clocks/referenceclock/in/sourceactual -
2025.08.19 15:27:47.053   get /dev12296/system/clocks/referenceclock/in/source -
2025.08.19 15:27:47.053   get /dev12296/system/clocks/referenceclock/in/status -
2025.08.19 15:27:47.053   get /dev12296/system/clocks/referenceclock/in/freq -
2025.08.19 15:27:47.053   get /dev12296/system/clocks/referenceclock/in/sourceactual -
2025.08.19 15:27:47.053   get /dev12296/system/clocks/referenceclock/in/source -
2025.08.19 15:27:47.053   get /dev12296/system/clocks/referenceclock/in/status -
2025.08.19 15:27:53.326 Node log from the data server with id 'zi_server':
2025.08.19 15:27:53.326   get /dev12296/raw/system/awg/runtimechecks/enable -
2025.08.19 15:27:53.326   get /dev12296/raw/system/awg/runtimechecks/enable -
2025.08.19 15:27:53.326   get /dev12296/system/clocks/referenceclock/in/freq -
2025.08.19 15:27:53.333   get /dev12296/system/clocks/referenceclock/in/sourceactual -
2025.08.19 15:27:53.333   get /dev12296/system/clocks/referenceclock/in/source -
2025.08.19 15:27:53.333   get /dev12296/system/clocks/referenceclock/in/status -
2025.08.19 15:27:53.333   get /dev12296/system/clocks/referenceclock/in/freq -
2025.08.19 15:27:53.333   get /dev12296/system/clocks/referenceclock/in/sourceactual -
2025.08.19 15:27:53.333   get /dev12296/system/clocks/referenceclock/in/source -
2025.08.19 15:27:53.334   get /dev12296/system/clocks/referenceclock/in/status -
2025.08.19 15:28:09.180 Node log from the data server with id 'zi_server':
2025.08.19 15:28:09.180   get /dev12296/raw/system/awg/runtimechecks/enable -
2025.08.19 15:28:09.180   get /dev12296/raw/system/awg/runtimechecks/enable -
2025.08.19 15:28:09.181   get /dev12296/system/clocks/referenceclock/in/freq -
2025.08.19 15:28:09.181   get /dev12296/system/clocks/referenceclock/in/sourceactual -
2025.08.19 15:28:09.181   get /dev12296/system/clocks/referenceclock/in/source -
2025.08.19 15:28:09.181   get /dev12296/system/clocks/referenceclock/in/status -
2025.08.19 15:28:09.181   get /dev12296/system/clocks/referenceclock/in/freq -
2025.08.19 15:28:09.181   get /dev12296/system/clocks/referenceclock/in/sourceactual -
2025.08.19 15:28:09.181   get /dev12296/system/clocks/referenceclock/in/source -
2025.08.19 15:28:09.181   get /dev12296/system/clocks/referenceclock/in/status -
2025.08.19 15:28:40.827 Node log from the data server with id 'zi_server':
2025.08.19 15:28:40.828   get /dev12296/raw/system/awg/runtimechecks/enable -
2025.08.19 15:28:40.828   get /dev12296/raw/system/awg/runtimechecks/enable -
2025.08.19 15:28:40.828   get /dev12296/system/clocks/referenceclock/in/freq -
2025.08.19 15:28:40.828   get /dev12296/system/clocks/referenceclock/in/sourceactual -
2025.08.19 15:28:40.828   get /dev12296/system/clocks/referenceclock/in/source -
2025.08.19 15:28:40.828   get /dev12296/system/clocks/referenceclock/in/status -
2025.08.19 15:28:40.829   get /dev12296/system/clocks/referenceclock/in/freq -
2025.08.19 15:28:40.829   get /dev12296/system/clocks/referenceclock/in/sourceactual -
2025.08.19 15:28:40.829   get /dev12296/system/clocks/referenceclock/in/source -
2025.08.19 15:28:40.829   get /dev12296/system/clocks/referenceclock/in/status -
2025.08.19 15:28:50.238 Node log from the data server with id 'zi_server':
2025.08.19 15:28:50.238   get /dev12296/raw/system/awg/runtimechecks/enable -
2025.08.19 15:28:50.238   get /dev12296/raw/system/awg/runtimechecks/enable -
2025.08.19 15:28:50.238   get /dev12296/system/clocks/referenceclock/in/freq -
2025.08.19 15:28:50.238   get /dev12296/system/clocks/referenceclock/in/sourceactual -
2025.08.19 15:28:50.238   get /dev12296/system/clocks/referenceclock/in/source -
2025.08.19 15:28:50.239   get /dev12296/system/clocks/referenceclock/in/status -
2025.08.19 15:28:50.239   get /dev12296/system/clocks/referenceclock/in/freq -
2025.08.19 15:28:50.239   get /dev12296/system/clocks/referenceclock/in/sourceactual -
2025.08.19 15:28:50.239   get /dev12296/system/clocks/referenceclock/in/source -
2025.08.19 15:28:50.239   get /dev12296/system/clocks/referenceclock/in/status -
2025.08.19 15:28:58.186 Node log from the data server with id 'zi_server':
2025.08.19 15:28:58.186   get /dev12296/raw/system/awg/runtimechecks/enable -
2025.08.19 15:28:58.186   get /dev12296/raw/system/awg/runtimechecks/enable -
2025.08.19 15:28:58.186   get /dev12296/system/clocks/referenceclock/in/freq -
2025.08.19 15:28:58.186   get /dev12296/system/clocks/referenceclock/in/sourceactual -
2025.08.19 15:28:58.186   get /dev12296/system/clocks/referenceclock/in/source -
2025.08.19 15:28:58.190   get /dev12296/system/clocks/referenceclock/in/status -
2025.08.19 15:28:58.190   get /dev12296/system/clocks/referenceclock/in/freq -
2025.08.19 15:28:58.190   get /dev12296/system/clocks/referenceclock/in/sourceactual -
2025.08.19 15:28:58.190   get /dev12296/system/clocks/referenceclock/in/source -
2025.08.19 15:28:58.190   get /dev12296/system/clocks/referenceclock/in/status -
2025.08.19 15:29:25.779 Node log from the data server with id 'zi_server':
2025.08.19 15:29:25.779   get /dev12296/raw/system/awg/runtimechecks/enable -
2025.08.19 15:29:25.779   get /dev12296/raw/system/awg/runtimechecks/enable -
2025.08.19 15:29:25.779   get /dev12296/system/clocks/referenceclock/in/freq -
2025.08.19 15:29:25.780   get /dev12296/system/clocks/referenceclock/in/sourceactual -
2025.08.19 15:29:25.780   get /dev12296/system/clocks/referenceclock/in/source -
2025.08.19 15:29:25.780   get /dev12296/system/clocks/referenceclock/in/status -
2025.08.19 15:29:25.780   get /dev12296/system/clocks/referenceclock/in/freq -
2025.08.19 15:29:25.780   get /dev12296/system/clocks/referenceclock/in/sourceactual -
2025.08.19 15:29:25.780   get /dev12296/system/clocks/referenceclock/in/source -
2025.08.19 15:29:25.780   get /dev12296/system/clocks/referenceclock/in/status -
2025.08.19 15:29:42.805 Node log from the data server with id 'zi_server':
2025.08.19 15:29:42.805   get /dev12296/raw/system/awg/runtimechecks/enable -
2025.08.19 15:29:42.805   get /dev12296/raw/system/awg/runtimechecks/enable -
2025.08.19 15:29:42.805   get /dev12296/system/clocks/referenceclock/in/freq -
2025.08.19 15:29:42.805   get /dev12296/system/clocks/referenceclock/in/sourceactual -
2025.08.19 15:29:42.805   get /dev12296/system/clocks/referenceclock/in/source -
2025.08.19 15:29:42.805   get /dev12296/system/clocks/referenceclock/in/status -
2025.08.19 15:29:42.805   get /dev12296/system/clocks/referenceclock/in/freq -
2025.08.19 15:29:42.805   get /dev12296/system/clocks/referenceclock/in/sourceactual -
2025.08.19 15:29:42.805   get /dev12296/system/clocks/referenceclock/in/source -
2025.08.19 15:29:42.805   get /dev12296/system/clocks/referenceclock/in/status -
2025.08.19 15:30:20.089 Node log from the data server with id 'zi_server':
2025.08.19 15:30:20.089   get /dev12296/raw/system/awg/runtimechecks/enable -
2025.08.19 15:30:20.089   get /dev12296/raw/system/awg/runtimechecks/enable -
2025.08.19 15:30:20.089   get /dev12296/system/clocks/referenceclock/in/freq -
2025.08.19 15:30:20.089   get /dev12296/system/clocks/referenceclock/in/sourceactual -
2025.08.19 15:30:20.089   get /dev12296/system/clocks/referenceclock/in/source -
2025.08.19 15:30:20.089   get /dev12296/system/clocks/referenceclock/in/status -
2025.08.19 15:30:20.089   get /dev12296/system/clocks/referenceclock/in/freq -
2025.08.19 15:30:20.089   get /dev12296/system/clocks/referenceclock/in/sourceactual -
2025.08.19 15:30:20.089   get /dev12296/system/clocks/referenceclock/in/source -
2025.08.19 15:30:20.089   get /dev12296/system/clocks/referenceclock/in/status -
2025.08.19 15:31:34.574 Node log from the data server with id 'zi_server':
2025.08.19 15:31:34.574   get /dev12296/raw/system/awg/runtimechecks/enable -
2025.08.19 15:31:34.574   get /dev12296/raw/system/awg/runtimechecks/enable -
2025.08.19 15:31:34.574   get /dev12296/system/clocks/referenceclock/in/freq -
2025.08.19 15:31:34.574   get /dev12296/system/clocks/referenceclock/in/sourceactual -
2025.08.19 15:31:34.574   get /dev12296/system/clocks/referenceclock/in/source -
2025.08.19 15:31:34.574   get /dev12296/system/clocks/referenceclock/in/status -
2025.08.19 15:31:34.575   get /dev12296/system/clocks/referenceclock/in/freq -
2025.08.19 15:31:34.575   get /dev12296/system/clocks/referenceclock/in/sourceactual -
2025.08.19 15:31:34.575   get /dev12296/system/clocks/referenceclock/in/source -
2025.08.19 15:31:34.575   get /dev12296/system/clocks/referenceclock/in/status -
2025.08.19 15:31:35.490 Node log from the data server with id 'zi_server':
2025.08.19 15:31:35.490   set /dev12296/raw/error/clear 1
2025.08.19 15:31:35.497   set /dev12296/sgchannels/*/pipeliner/reset 1
2025.08.19 15:31:35.497   set /dev12296/sgchannels/*/pipeliner/mode 0
2025.08.19 15:31:35.497   set /dev12296/sgchannels/*/synchronization/enable 0
2025.08.19 15:31:35.497   set /dev12296/qachannels/*/pipeliner/reset 1
2025.08.19 15:31:35.497   set /dev12296/qachannels/*/pipeliner/mode 0
2025.08.19 15:31:35.497   set /dev12296/qachannels/*/synchronization/enable 0
2025.08.19 15:31:35.497   set /dev12296/sgchannels/*/awg/enable 0
2025.08.19 15:31:35.498   set /dev12296/qachannels/*/generator/enable 0
2025.08.19 15:31:35.498   set /dev12296/system/synchronization/source 0
2025.08.19 15:31:35.498   set /dev12296/system/internaltrigger/synchronization/enable 0
2025.08.19 15:31:35.498   set /dev12296/qachannels/*/readout/result/enable 0
2025.08.19 15:31:35.498   set /dev12296/qachannels/*/spectroscopy/psd/enable 0
2025.08.19 15:31:35.498   set /dev12296/qachannels/*/spectroscopy/result/enable 0
2025.08.19 15:31:35.499   set /dev12296/qachannels/*/output/rflfinterlock 1
2025.08.19 15:31:35.499   set /dev12296/qachannels/*/oscs/*/gain 1.0
2025.08.19 15:31:35.499   set /dev12296/scopes/0/enable 0
2025.08.19 15:31:35.499   set /dev12296/scopes/0/channels/*/enable 0
2025.08.19 15:31:35.499   get /dev12296/qachannels/0/busy -
2025.08.19 15:31:35.499   get /dev12296/qachannels/0/output/overrangecount -
2025.08.19 15:31:35.499   get /dev12296/qachannels/0/input/overrangecount -
2025.08.19 15:31:35.499   get /dev12296/sgchannels/0/output/overrangecount -
2025.08.19 15:31:35.499   get /dev12296/sgchannels/1/output/overrangecount -
2025.08.19 15:31:35.499   get /dev12296/sgchannels/2/output/overrangecount -
2025.08.19 15:31:35.499   get /dev12296/sgchannels/3/output/overrangecount -
2025.08.19 15:31:35.499   get /dev12296/sgchannels/4/output/overrangecount -
2025.08.19 15:31:35.499   get /dev12296/sgchannels/5/output/overrangecount -
2025.08.19 15:31:35.499   set /dev12296/qachannels/0/output/on 1
2025.08.19 15:31:35.499   set /dev12296/qachannels/0/output/range -40.0
2025.08.19 15:31:35.499   set /dev12296/qachannels/0/generator/single 1
2025.08.19 15:31:35.499   set /dev12296/qachannels/0/input/rflfpath 1
2025.08.19 15:31:35.499   set /dev12296/qachannels/0/input/on 1
2025.08.19 15:31:35.499   set /dev12296/qachannels/0/input/range -40.0
2025.08.19 15:31:35.499   set /dev12296/qachannels/0/oscs/0/freq 0
2025.08.19 15:31:35.499   set /dev12296/system/internaltrigger/enable 0
2025.08.19 15:31:35.499   set /dev12296/system/internaltrigger/repetitions 1
2025.08.19 15:31:35.499   set /dev12296/sgchannels/0/awg/auxtriggers/0/slope 1
2025.08.19 15:31:35.499   set /dev12296/sgchannels/0/awg/auxtriggers/0/channel 8
2025.08.19 15:31:35.499   set /dev12296/qachannels/0/markers/0/source 32
2025.08.19 15:31:35.499   set /dev12296/qachannels/0/markers/1/source 36
2025.08.19 15:31:35.499   set /dev12296/qachannels/0/generator/auxtriggers/0/channel 8
2025.08.19 15:31:35.499   set /dev12296/qachannels/0/centerfreq 7000000000.0
2025.08.19 15:31:35.499   set /dev12296/qachannels/0/oscs/0/gain 0.1
2025.08.19 15:31:35.499   set /dev12296/qachannels/0/spectroscopy/envelope/delay 0.0
2025.08.19 15:31:35.499   set /dev12296/qachannels/0/spectroscopy/delay 2.2e-07
2025.08.19 15:31:35.499   set /dev12296/qachannels/0/mode 0
2025.08.19 15:31:35.499   set /dev12296/qachannels/0/spectroscopy/trigger/channel 36
2025.08.19 15:31:35.499   set /dev12296/qachannels/0/spectroscopy/length 10000
2025.08.19 15:31:35.499   get /dev12296/raw/error/json/errors -
2025.08.19 15:31:35.499   get /dev12296/raw/error/json/errors -
2025.08.19 15:31:35.499   set /dev12296/qachannels/*/spectroscopy/envelope/enable 1
2025.08.19 15:35:55.473 Node log from the data server with id 'zi_server':
2025.08.19 15:35:55.473   get /dev12296/raw/system/awg/runtimechecks/enable -
2025.08.19 15:35:55.473   get /dev12296/raw/system/awg/runtimechecks/enable -
2025.08.19 15:35:55.473   get /dev12296/system/clocks/referenceclock/in/freq -
2025.08.19 15:35:55.473   get /dev12296/system/clocks/referenceclock/in/sourceactual -
2025.08.19 15:35:55.473   get /dev12296/system/clocks/referenceclock/in/source -
2025.08.19 15:35:55.473   get /dev12296/system/clocks/referenceclock/in/status -
2025.08.19 15:35:55.473   get /dev12296/system/clocks/referenceclock/in/freq -
2025.08.19 15:35:55.473   get /dev12296/system/clocks/referenceclock/in/sourceactual -
2025.08.19 15:35:55.473   get /dev12296/system/clocks/referenceclock/in/source -
2025.08.19 15:35:55.473   get /dev12296/system/clocks/referenceclock/in/status -
2025.08.19 15:35:56.107 Node log from the data server with id 'zi_server':
2025.08.19 15:35:56.107   set /dev12296/raw/error/clear 1
2025.08.19 15:35:56.107   set /dev12296/sgchannels/*/pipeliner/reset 1
2025.08.19 15:35:56.107   set /dev12296/sgchannels/*/pipeliner/mode 0
2025.08.19 15:35:56.107   set /dev12296/sgchannels/*/synchronization/enable 0
2025.08.19 15:35:56.107   set /dev12296/qachannels/*/pipeliner/reset 1
2025.08.19 15:35:56.108   set /dev12296/qachannels/*/pipeliner/mode 0
2025.08.19 15:35:56.108   set /dev12296/qachannels/*/synchronization/enable 0
2025.08.19 15:35:56.109   set /dev12296/sgchannels/*/awg/enable 0
2025.08.19 15:35:56.109   set /dev12296/qachannels/*/generator/enable 0
2025.08.19 15:35:56.109   set /dev12296/system/synchronization/source 0
2025.08.19 15:35:56.109   set /dev12296/system/internaltrigger/synchronization/enable 0
2025.08.19 15:35:56.109   set /dev12296/qachannels/*/readout/result/enable 0
2025.08.19 15:35:56.109   set /dev12296/qachannels/*/spectroscopy/psd/enable 0
2025.08.19 15:35:56.109   set /dev12296/qachannels/*/spectroscopy/result/enable 0
2025.08.19 15:35:56.109   set /dev12296/qachannels/*/output/rflfinterlock 1
2025.08.19 15:35:56.109   set /dev12296/qachannels/*/oscs/*/gain 1.0
2025.08.19 15:35:56.109   set /dev12296/scopes/0/enable 0
2025.08.19 15:35:56.109   set /dev12296/scopes/0/channels/*/enable 0
2025.08.19 15:35:56.109   get /dev12296/qachannels/0/busy -
2025.08.19 15:35:56.109   get /dev12296/qachannels/0/output/overrangecount -
2025.08.19 15:35:56.109   get /dev12296/qachannels/0/input/overrangecount -
2025.08.19 15:35:56.109   get /dev12296/sgchannels/0/output/overrangecount -
2025.08.19 15:35:56.110   get /dev12296/sgchannels/1/output/overrangecount -
2025.08.19 15:35:56.110   get /dev12296/sgchannels/2/output/overrangecount -
2025.08.19 15:35:56.110   get /dev12296/sgchannels/3/output/overrangecount -
2025.08.19 15:35:56.111   get /dev12296/sgchannels/4/output/overrangecount -
2025.08.19 15:35:56.111   get /dev12296/sgchannels/5/output/overrangecount -
2025.08.19 15:35:56.111   set /dev12296/qachannels/0/output/on 1
2025.08.19 15:35:56.111   set /dev12296/qachannels/0/output/range -40.0
2025.08.19 15:35:56.111   set /dev12296/qachannels/0/generator/single 1
2025.08.19 15:35:56.111   set /dev12296/qachannels/0/input/rflfpath 1
2025.08.19 15:35:56.111   set /dev12296/qachannels/0/input/on 1
2025.08.19 15:35:56.111   set /dev12296/qachannels/0/input/range -40.0
2025.08.19 15:35:56.111   set /dev12296/qachannels/0/oscs/0/freq 0
2025.08.19 15:35:56.111   set /dev12296/system/internaltrigger/enable 0
2025.08.19 15:35:56.111   set /dev12296/system/internaltrigger/repetitions 1
2025.08.19 15:35:56.111   set /dev12296/sgchannels/0/awg/auxtriggers/0/slope 1
2025.08.19 15:35:56.111   set /dev12296/sgchannels/0/awg/auxtriggers/0/channel 8
2025.08.19 15:35:56.111   set /dev12296/qachannels/0/markers/0/source 32
2025.08.19 15:35:56.111   set /dev12296/qachannels/0/markers/1/source 36
2025.08.19 15:35:56.111   set /dev12296/qachannels/0/generator/auxtriggers/0/channel 8
2025.08.19 15:35:56.111   set /dev12296/qachannels/0/centerfreq 7000000000.0
2025.08.19 15:35:56.111   set /dev12296/qachannels/0/oscs/0/gain 0.1
2025.08.19 15:35:56.111   set /dev12296/qachannels/0/spectroscopy/envelope/delay 0.0
2025.08.19 15:35:56.111   set /dev12296/qachannels/0/spectroscopy/delay 2.2e-07
2025.08.19 15:35:56.111   set /dev12296/qachannels/0/mode 0
2025.08.19 15:35:56.111   set /dev12296/qachannels/0/spectroscopy/trigger/channel 36
2025.08.19 15:35:56.111   set /dev12296/qachannels/0/spectroscopy/length 10000
2025.08.19 15:35:56.111   get /dev12296/raw/error/json/errors -
2025.08.19 15:35:56.111   get /dev12296/raw/error/json/errors -
2025.08.19 15:35:56.111   set /dev12296/qachannels/*/spectroscopy/envelope/enable 1
2025.08.19 15:36:49.280 Node log from the data server with id 'zi_server':
2025.08.19 15:36:49.280   get /dev12296/raw/system/awg/runtimechecks/enable -
2025.08.19 15:36:49.280   get /dev12296/raw/system/awg/runtimechecks/enable -
2025.08.19 15:36:49.280   get /dev12296/system/clocks/referenceclock/in/freq -
2025.08.19 15:36:49.280   get /dev12296/system/clocks/referenceclock/in/sourceactual -
2025.08.19 15:36:49.280   get /dev12296/system/clocks/referenceclock/in/source -
2025.08.19 15:36:49.280   get /dev12296/system/clocks/referenceclock/in/status -
2025.08.19 15:36:49.280   get /dev12296/system/clocks/referenceclock/in/freq -
2025.08.19 15:36:49.280   get /dev12296/system/clocks/referenceclock/in/sourceactual -
2025.08.19 15:36:49.280   get /dev12296/system/clocks/referenceclock/in/source -
2025.08.19 15:36:49.280   get /dev12296/system/clocks/referenceclock/in/status -
2025.08.19 17:58:25.574 Node log from the data server with id 'zi_server':
2025.08.19 17:58:25.574   get /dev12296/raw/system/awg/runtimechecks/enable -
2025.08.19 17:58:25.575   get /dev12296/raw/system/awg/runtimechecks/enable -
2025.08.19 17:58:25.575   get /dev12296/system/clocks/referenceclock/in/freq -
2025.08.19 17:58:25.575   get /dev12296/system/clocks/referenceclock/in/sourceactual -
2025.08.19 17:58:25.575   get /dev12296/system/clocks/referenceclock/in/source -
2025.08.19 17:58:25.575   get /dev12296/system/clocks/referenceclock/in/status -
2025.08.19 17:58:25.575   get /dev12296/system/clocks/referenceclock/in/freq -
2025.08.19 17:58:25.575   get /dev12296/system/clocks/referenceclock/in/sourceactual -
2025.08.19 17:58:25.575   get /dev12296/system/clocks/referenceclock/in/source -
2025.08.19 17:58:25.575   get /dev12296/system/clocks/referenceclock/in/status -
